seed_id,seed_name
ObjectId(56351061482c74a51821744f),robertfcoleman
ObjectId(56351061482c74a518217450),pritchmark
ObjectId(56351061482c74a518217451),emiliecollyer
ObjectId(56351061482c74a518217452),alextalamo_
ObjectId(56351061482c74a518217453),megmundell
ObjectId(56351061482c74a518217454),_esther
ObjectId(56351061482c74a518217455),deanbeckonair
ObjectId(56351061482c74a518217456),vicbennett
ObjectId(56351061482c74a518217457),emilybitto
ObjectId(56351061482c74a518217458),amillionshades
ObjectId(56351061482c74a518217459),e_dbrook
ObjectId(56351061482c74a51821745a),honeybrownaus
ObjectId(56351061482c74a51821745b),jaxjackibrown
ObjectId(56351061482c74a51821745c),_gena_rose
ObjectId(56351061482c74a51821745d),brontecoates
ObjectId(56351061482c74a51821745e),samuelcooney
ObjectId(56351061482c74a51821745f),adriancraddock
ObjectId(56351061482c74a518217460),adampcurley
ObjectId(56351061482c74a518217461),oslodavis
ObjectId(56351061482c74a518217462),deryn3
ObjectId(56351061482c74a518217463),twitchathon
ObjectId(56351061482c74a518217464),routinecurator
ObjectId(56351061482c74a518217465),abduguid
ObjectId(56351061482c74a518217466),carlyfindlay
ObjectId(56351061482c74a518217467),elizabethflux
ObjectId(56351061482c74a518217468),clementine_ford
ObjectId(56351061482c74a518217469),eric_gardiner
ObjectId(56351061482c74a51821746a),eliglasman
ObjectId(56351061482c74a51821746b),_amygray_
ObjectId(56351061482c74a51821746c),alicektg
ObjectId(56351061482c74a51821746d),ahankey
ObjectId(56351061482c74a51821746e),lornahendry
ObjectId(56351061482c74a51821746f),justine_hyde
ObjectId(56351061482c74a518217470),taitischia
ObjectId(56351061482c74a518217471),erikojensen
ObjectId(56351061482c74a518217472),emmacones
ObjectId(56351061482c74a518217473),lscottjose
ObjectId(56351061482c74a518217474),neha_kale
ObjectId(56351061482c74a518217475),fleurkilpatrick
ObjectId(56351061482c74a518217476),trentkusters
ObjectId(56351061482c74a518217477),kylie_ladd
ObjectId(56351061482c74a518217478),emily_laidlaw
ObjectId(56351061482c74a518217479),benjaminlaut
ObjectId(56351061482c74a51821747a),corditepoetry
ObjectId(56351061482c74a51821747b),bridgetyvonne
ObjectId(56351061482c74a51821747c),tigervsshark
ObjectId(56351061482c74a51821747d),karysrhiann
ObjectId(56351061482c74a51821747e),megansfictions
ObjectId(56351061482c74a51821747f),labcoatman
ObjectId(56351061482c74a518217480),booktothefuture
ObjectId(56351061482c74a518217481),katemclennan1
ObjectId(56351061482c74a518217482),pennymodra
ObjectId(56351061482c74a518217483),emilynaismith
ObjectId(56351061482c74a518217484),sam_orchard
ObjectId(56351061482c74a518217485),chadparkhill
ObjectId(56351061482c74a518217486),rrrattler
ObjectId(56351061482c74a518217487),rachelrose88
ObjectId(56351061482c74a518217488),liampieper
ObjectId(56351061482c74a518217489),riotk
ObjectId(56351061482c74a51821748a),vanrad19
ObjectId(56351061482c74a51821748b),critrature
ObjectId(56351061482c74a51821748c),rarrsavage
ObjectId(56351061482c74a51821748d),ronlddavidscott
ObjectId(56351061482c74a51821748e),rebeccastarford
ObjectId(56351061482c74a51821748f),andsoyousaid
ObjectId(56351061482c74a518217490),sineadstubbins
ObjectId(56351061482c74a518217491),veronicaahhh
ObjectId(56351061482c74a518217492),petertaggart
ObjectId(56351061482c74a518217493),gillianterzis
ObjectId(56351061482c74a518217494),viragohaus
ObjectId(56351061482c74a518217495),mia_timpano
ObjectId(56351061482c74a518217496),joe_toohey
ObjectId(56351061482c74a518217497),avivatuffield
ObjectId(56351061482c74a518217498),ellenvanneerven
ObjectId(56351061482c74a518217499),steph_adele
ObjectId(56351061482c74a51821749a),lgwabp
ObjectId(56351061482c74a51821749b),loreleivashti
ObjectId(56351061482c74a51821749c),msmegwatson
ObjectId(56351061482c74a51821749d),libriswestbrook
ObjectId(56351061482c74a51821749e),jbwolfers
ObjectId(56351061482c74a51821749f),jessicazmyu
ObjectId(56351061482c74a5182174a0),beczaj
