_id,experiment_id,handle,score
58d64cf668f62067806a5b76,58d6425f68f62067806697e0,10Acompany,0.8222714381262651
58d64cf668f62067806a5b77,58d6425f68f62067806697e0,1DarkLevel,0.9438722350266514
58d64cf668f62067806a5b78,58d6425f68f62067806697e0,2W2M,0.4292496828067678
58d64cf668f62067806a5b79,58d6425f68f62067806697e0,AAKinal,0.9613619754583898
58d64cf668f62067806a5b7a,58d6425f68f62067806697e0,ABRAHAMKHANGUL1,0.8907936922549354
58d64cf668f62067806a5b7b,58d6425f68f62067806697e0,AIncontri,0.904585734194206
58d64cf668f62067806a5b7c,58d6425f68f62067806697e0,AdrianaLima,0.9517777251166053
58d64cf668f62067806a5b7d,58d6425f68f62067806697e0,AgataPos,0.9316192751505432
58d64cf668f62067806a5b7e,58d6425f68f62067806697e0,AishaJimoh,0.9719858885840836
58d64cf668f62067806a5b7f,58d6425f68f62067806697e0,AlabMilano,0.9027934440468464
58d64cf668f62067806a5b80,58d6425f68f62067806697e0,AmbraZ,0.860076205678156
58d64cf668f62067806a5b81,58d6425f68f62067806697e0,AmenStyle,0.9190403460112272
58d64cf668f62067806a5b82,58d6425f68f62067806697e0,Andrea_Pompilio,0.9109648034815102
58d64cf668f62067806a5b83,58d6425f68f62067806697e0,AngelosFrentzos,0.87849078147629
58d64cf668f62067806a5b84,58d6425f68f62067806697e0,AppleCustardS,0.9396986902653548
58d64cf668f62067806a5b85,58d6425f68f62067806697e0,AquilanoRimondi,0.8424990136886338
58d64cf668f62067806a5b86,58d6425f68f62067806697e0,ArchitecturePho,0.8620803588717842
58d64cf668f62067806a5b87,58d6425f68f62067806697e0,ArenaGiletti,
58d64cf668f62067806a5b88,58d6425f68f62067806697e0,ArthurArbesser,0.9788068909608221
58d64cf668f62067806a5b89,58d6425f68f62067806697e0,AugustAlsina,0.855651639211983
58d64cf668f62067806a5b8a,58d6425f68f62067806697e0,AveryTharp,0.9525148228973818
58d64cf668f62067806a5b8b,58d6425f68f62067806697e0,BDesignSrl,0.9245220858592925
58d64cf668f62067806a5b8c,58d6425f68f62067806697e0,BGasperini,0.715316318495075
58d64cf668f62067806a5b8d,58d6425f68f62067806697e0,BPCM,0.963737141349145
58d64cf668f62067806a5b8e,58d6425f68f62067806697e0,Ballestrazzi,0.9375388058707037
58d64cf668f62067806a5b8f,58d6425f68f62067806697e0,Bark_italy,0.6830176202578899
58d64cf668f62067806a5b90,58d6425f68f62067806697e0,Baselworld,0.9353665523640012
58d64cf668f62067806a5b91,58d6425f68f62067806697e0,BeggandCompany,0.9769835811388377
58d64cf668f62067806a5b92,58d6425f68f62067806697e0,Bistrusso,0.9490333532946196
58d64cf668f62067806a5b93,58d6425f68f62067806697e0,BongenieGrieder,0.9001562493266828
58d64cf668f62067806a5b94,58d6425f68f62067806697e0,COME4BREAKFAST,0.9363581426092487
58d64cf668f62067806a5b95,58d6425f68f62067806697e0,COSTUMEIN,0.7398874886757094
58d64cf668f62067806a5b96,58d6425f68f62067806697e0,COTE_Italia,0.7866213617865789
58d64cf668f62067806a5b97,58d6425f68f62067806697e0,CabbageCatMemes,0.7958084777309583
58d64cf668f62067806a5b98,58d6425f68f62067806697e0,Care_Label,0.9039427427401595
58d64cf668f62067806a5b99,58d6425f68f62067806697e0,CareersAtSaks,0.8369254381035524
58d64cf668f62067806a5b9a,58d6425f68f62067806697e0,CarlaHinojosaR,0.8421413579051561
58d64cf668f62067806a5b9b,58d6425f68f62067806697e0,CarolinaWyser,0.9694984362277362
58d64cf668f62067806a5b9c,58d6425f68f62067806697e0,Caterina_Gatta,0.9310444460590251
58d64cf668f62067806a5b9d,58d6425f68f62067806697e0,CazFashionShow,0.9444360637992151
58d64cf668f62067806a5b9e,58d6425f68f62067806697e0,CesareCasadei,0.9145448337051745
58d64cf668f62067806a5b9f,58d6425f68f62067806697e0,Ceskina92,0.9589574316777202
58d64cf668f62067806a5ba0,58d6425f68f62067806697e0,CharlineDeLucaC,0.9638067496366951
58d64cf668f62067806a5ba1,58d6425f68f62067806697e0,ChicaUghi,
58d64cf668f62067806a5ba2,58d6425f68f62067806697e0,ClaudiaAntonaci,0.904404058105231
58d64cf668f62067806a5ba3,58d6425f68f62067806697e0,ClaudiaLigari,0.9415168835768735
58d64cf668f62067806a5ba4,58d6425f68f62067806697e0,ConcreteStore,0.8912817744839573
58d64cf668f62067806a5ba5,58d6425f68f62067806697e0,CoppolaAldo,0.9090939100494037
58d64cf668f62067806a5ba6,58d6425f68f62067806697e0,CorriereSociale,
58d64cf668f62067806a5ba7,58d6425f68f62067806697e0,CoruhErkan,0.8337449375504069
58d64cf668f62067806a5ba8,58d6425f68f62067806697e0,CosmopolitanTR,0.5362468428836702
58d64cf668f62067806a5ba9,58d6425f68f62067806697e0,Cosmopolitan_IT,0.45487466448669456
58d64cf668f62067806a5baa,58d6425f68f62067806697e0,CristinaMiraldi,0.6204444542584538
58d64cf668f62067806a5bab,58d6425f68f62067806697e0,DANIELECARLOTTA,0.8985742312495069
58d64cf668f62067806a5bac,58d6425f68f62067806697e0,DATE_sneakers,0.9611431081045094
58d64cf668f62067806a5bad,58d6425f68f62067806697e0,DELIRIOUS_IT,0.7467095569094044
58d64cf668f62067806a5bae,58d6425f68f62067806697e0,DIVAmagazine,
58d64cf668f62067806a5baf,58d6425f68f62067806697e0,D_Christiansson,0.9679376200391164
58d64cf668f62067806a5bb0,58d6425f68f62067806697e0,DanielaGreco85,
58d64cf668f62067806a5bb1,58d6425f68f62067806697e0,DelfDelettrez,0.8964524547781203
58d64cf668f62067806a5bb2,58d6425f68f62067806697e0,DelfinaFendi,0.779116090447056
58d64cf668f62067806a5bb3,58d6425f68f62067806697e0,Diritto24,
58d64cf668f62067806a5bb4,58d6425f68f62067806697e0,DonatellaSgroj,0.9251877985228838
58d64cf668f62067806a5bb5,58d6425f68f62067806697e0,DriesVanNoten,0.8241439661198657
58d64cf668f62067806a5bb6,58d6425f68f62067806697e0,Dyelogfashions,0.9534615744940602
58d64cf668f62067806a5bb7,58d6425f68f62067806697e0,EOnlineUK,
58d64cf668f62067806a5bb8,58d6425f68f62067806697e0,EconomyUp,0.5969707638458623
58d64cf668f62067806a5bb9,58d6425f68f62067806697e0,ElenaGhisellini,0.938256413582812
58d64cf668f62067806a5bba,58d6425f68f62067806697e0,EleonoraM_37,0.8196025564683931
58d64cf668f62067806a5bbb,58d6425f68f62067806697e0,Eleventy_Milano,0.8638306791559087
58d64cf668f62067806a5bbc,58d6425f68f62067806697e0,EliteMarbella,0.9171342574076307
58d64cf668f62067806a5bbd,58d6425f68f62067806697e0,Enzo_Miccio,
58d64cf668f62067806a5bbe,58d6425f68f62067806697e0,Estility_moda,0.7302582681851509
58d64cf668f62067806a5bbf,58d6425f68f62067806697e0,EvaHerzigova,0.9554084417226286
58d64cf668f62067806a5bc0,58d6425f68f62067806697e0,ExpoGate,
58d64cf668f62067806a5bc1,58d6425f68f62067806697e0,FDRLibrary,0.8322894371616479
58d64cf668f62067806a5bc2,58d6425f68f62067806697e0,FIirtationship,0.8702438812125558
58d64cf668f62067806a5bc3,58d6425f68f62067806697e0,FL_official_,0.8837252462086869
58d64cf668f62067806a5bc4,58d6425f68f62067806697e0,FNStylecom,0.8593777722511965
58d64cf668f62067806a5bc5,58d6425f68f62067806697e0,FRASCOGNAMIGLIO,0.987504227976265
58d64cf668f62067806a5bc6,58d6425f68f62067806697e0,FabioSasso3,0.8807235468221472
58d64cf668f62067806a5bc7,58d6425f68f62067806697e0,Federmeccanica,0.5896026230436276
58d64cf668f62067806a5bc8,58d6425f68f62067806697e0,FightForYrWrite,0.9382302985856613
58d64cf668f62067806a5bc9,58d6425f68f62067806697e0,FilippoFed,0.835108838488748
58d64cf668f62067806a5bca,58d6425f68f62067806697e0,Filippo_Fanini,
58d64cf668f62067806a5bcb,58d6425f68f62067806697e0,FraInterlenghi,
58d64cf668f62067806a5bcc,58d6425f68f62067806697e0,FraandCleo,0.8717412821241166
58d64cf668f62067806a5bcd,58d6425f68f62067806697e0,FrancescaPaolin,0.9314973675888423
58d64cf668f62067806a5bce,58d6425f68f62067806697e0,FrancescoALOSI,0.9433508701898988
58d64cf668f62067806a5bcf,58d6425f68f62067806697e0,GIENCHI,0.7808026207293126
58d64cf668f62067806a5bd0,58d6425f68f62067806697e0,GMLorenzi,0.8864338388828386
58d64cf668f62067806a5bd1,58d6425f68f62067806697e0,GQMagazine,0.9069017733906097
58d64cf668f62067806a5bd2,58d6425f68f62067806697e0,GQitalia,0.7647970192392161
58d64cf668f62067806a5bd3,58d6425f68f62067806697e0,GetOnSwag,0.8196514740757064
58d64cf668f62067806a5bd4,58d6425f68f62067806697e0,Giacomorelli,0.9320017810510667
58d64cf668f62067806a5bd5,58d6425f68f62067806697e0,GiambattistaPR,0.8876098325893944
58d64cf668f62067806a5bd6,58d6425f68f62067806697e0,GiannaNannini,0.6758294529719019
58d64cf668f62067806a5bd7,58d6425f68f62067806697e0,Giorgio_Brato,0.8411209154161075
58d64cf668f62067806a5bd8,58d6425f68f62067806697e0,GiuGhisu,0.5090836697850825
58d64cf668f62067806a5bd9,58d6425f68f62067806697e0,Giuliana_MB,0.8868475405731348
58d64cf668f62067806a5bda,58d6425f68f62067806697e0,Glamour,0.8944916043635779
58d64cf668f62067806a5bdb,58d6425f68f62067806697e0,GlobalBlue,0.8602341990505507
58d64cf668f62067806a5bdc,58d6425f68f62067806697e0,GraziaQatar,0.9294082485085489
58d64cf668f62067806a5bdd,58d6425f68f62067806697e0,Greta_Boldini,0.8864412743316543
58d64cf668f62067806a5bde,58d6425f68f62067806697e0,GroveKris,0.971901470776396
58d64cf668f62067806a5bdf,58d6425f68f62067806697e0,HARVEYNICHOLSTR,0.8147530605824361
58d64cf668f62067806a5be0,58d6425f68f62067806697e0,HBFashionBrand,0.6016020501645927
58d64cf668f62067806a5be1,58d6425f68f62067806697e0,HarpersBAZAARGe,0.9024546092338215
58d64cf668f62067806a5be2,58d6425f68f62067806697e0,HiddlesFashion,
58d64cf668f62067806a5be3,58d6425f68f62067806697e0,Hong,0.7455261775644231
58d64cf668f62067806a5be4,58d6425f68f62067806697e0,Indigitalimages,0.6203527328691251
58d64cf668f62067806a5be5,58d6425f68f62067806697e0,InfoVerba,0.9122537874835867
58d64cf668f62067806a5be6,58d6425f68f62067806697e0,Isa_Arfen,0.8974837858242025
58d64cf668f62067806a5be7,58d6425f68f62067806697e0,JPLUSeyewear,0.8927970442444874
58d64cf668f62067806a5be8,58d6425f68f62067806697e0,JacquelineMWood,
58d64cf668f62067806a5be9,58d6425f68f62067806697e0,JeffKoons,0.897834913692525
58d64cf668f62067806a5bea,58d6425f68f62067806697e0,Ju_LeFunkyMamas,0.8332642840908242
58d64cf668f62067806a5beb,58d6425f68f62067806697e0,JulianZigerli,0.9384114134625147
58d64cf668f62067806a5bec,58d6425f68f62067806697e0,JunckerEU,0.8499897129748086
58d64cf668f62067806a5bed,58d6425f68f62067806697e0,KUBORAUM,0.8843178459043896
58d64cf668f62067806a5bee,58d6425f68f62067806697e0,Kerem_Cevahir,0.4126580133994793
58d64cf668f62067806a5bef,58d6425f68f62067806697e0,Kittima_milano,0.8752830374048254
58d64cf668f62067806a5bf0,58d6425f68f62067806697e0,KymeSunglasses,0.9782654229510536
58d64cf668f62067806a5bf1,58d6425f68f62067806697e0,LAURAFED_com,0.8484847442479949
58d64cf668f62067806a5bf2,58d6425f68f62067806697e0,LGReyewear,0.797169975941583
58d64cf668f62067806a5bf3,58d6425f68f62067806697e0,LOVEITJEANS,0.7429959177365629
58d64cf668f62067806a5bf4,58d6425f68f62067806697e0,LPJparis,0.9360346758396919
58d64cf668f62067806a5bf5,58d6425f68f62067806697e0,LVCHINO_,0.9718202785778103
58d64cf668f62067806a5bf6,58d6425f68f62067806697e0,LaTriennale,0.45885079111224414
58d64cf668f62067806a5bf7,58d6425f68f62067806697e0,LardiniOfficial,0.8732752201765664
58d64cf668f62067806a5bf8,58d6425f68f62067806697e0,LaurenEnglish_,0.7398190152642317
58d64cf668f62067806a5bf9,58d6425f68f62067806697e0,Lavi_B,0.7998831841761614
58d64cf668f62067806a5bfa,58d6425f68f62067806697e0,LeFilNoir1,0.35421410276043486
58d64cf668f62067806a5bfb,58d6425f68f62067806697e0,LedaOtto,0.8595822046346516
58d64cf668f62067806a5bfc,58d6425f68f62067806697e0,LeoColacicco23,0.7330073957801634
58d64cf668f62067806a5bfd,58d6425f68f62067806697e0,LerenieS,0.752641326643316
58d64cf668f62067806a5bfe,58d6425f68f62067806697e0,LesHommes_,0.9224198252344465
58d64cf668f62067806a5bff,58d6425f68f62067806697e0,LiciaFlorio,0.942067703671776
58d64cf668f62067806a5c00,58d6425f68f62067806697e0,LiisJapan,0.7648903413903801
58d64cf668f62067806a5c01,58d6425f68f62067806697e0,LogosCollezioni,0.6791776351425337
58d64cf668f62067806a5c02,58d6425f68f62067806697e0,LogosPR_milano,0.9796912378564946
58d64cf668f62067806a5c03,58d6425f68f62067806697e0,LovelyPepa,0.9183373165977106
58d64cf668f62067806a5c04,58d6425f68f62067806697e0,Lu_kein,0.9483112788092136
58d64cf668f62067806a5c05,58d6425f68f62067806697e0,LucaBellei,
58d64cf668f62067806a5c06,58d6425f68f62067806697e0,LucaLarenza,0.9685252769566502
58d64cf668f62067806a5c07,58d6425f68f62067806697e0,LucioColapietro,0.9311521193749099
58d64cf668f62067806a5c08,58d6425f68f62067806697e0,MATTEO_MOLINARI,0.8123569858048911
58d64cf668f62067806a5c09,58d6425f68f62067806697e0,MTWEETB,0.835489055250485
58d64cf668f62067806a5c0a,58d6425f68f62067806697e0,MWinklaar,0.9537229182275723
58d64cf668f62067806a5c0b,58d6425f68f62067806697e0,MYZAR_store,0.939893951514313
58d64cf668f62067806a5c0c,58d6425f68f62067806697e0,MaisonAlbino,0.9519055964517764
58d64cf668f62067806a5c0d,58d6425f68f62067806697e0,MarceloBurlonx,0.9235778929742056
58d64cf668f62067806a5c0e,58d6425f68f62067806697e0,MarcheBreaks,0.5818879419448869
58d64cf668f62067806a5c0f,58d6425f68f62067806697e0,MarcoBologna01,0.963443819734527
58d64cf668f62067806a5c10,58d6425f68f62067806697e0,MarcoKailashweb,
58d64cf668f62067806a5c11,58d6425f68f62067806697e0,MarinellaRuggie,
58d64cf668f62067806a5c12,58d6425f68f62067806697e0,MarioModa80,
58d64cf668f62067806a5c13,58d6425f68f62067806697e0,MauroGasperi1,0.9316415924176135
58d64cf668f62067806a5c14,58d6425f68f62067806697e0,MaxKibardin,0.9454494390230133
58d64cf668f62067806a5c15,58d6425f68f62067806697e0,MayaEltal,0.944258866183318
58d64cf668f62067806a5c16,58d6425f68f62067806697e0,MementoDuo,0.8974808683638127
58d64cf668f62067806a5c17,58d6425f68f62067806697e0,Messagerie_man,0.7070601276361556
58d64cf668f62067806a5c18,58d6425f68f62067806697e0,MichiSantella,0.8141017546494536
58d64cf668f62067806a5c19,58d6425f68f62067806697e0,MiriamNGonzalez,0.7100163701865951
58d64cf668f62067806a5c1a,58d6425f68f62067806697e0,Modadivas,0.7851453024825504
58d64cf668f62067806a5c1b,58d6425f68f62067806697e0,MsKelseyScott,0.9428893238238134
58d64cf668f62067806a5c1c,58d6425f68f62067806697e0,MudecMi,0.48870467714313426
58d64cf668f62067806a5c1d,58d6425f68f62067806697e0,Mussomilano,0.8445553154544547
58d64cf668f62067806a5c1e,58d6425f68f62067806697e0,NETAPORTER,0.9513520714008135
58d64cf668f62067806a5c1f,58d6425f68f62067806697e0,NFouque,
58d64cf668f62067806a5c20,58d6425f68f62067806697e0,NYMag,0.9470669563684255
58d64cf668f62067806a5c21,58d6425f68f62067806697e0,Naina,0.676747311961076
58d64cf668f62067806a5c22,58d6425f68f62067806697e0,NerviValentina,0.9577680251534118
58d64cf668f62067806a5c23,58d6425f68f62067806697e0,NextAgencyMilan,0.5243847490217111
58d64cf668f62067806a5c24,58d6425f68f62067806697e0,NimaBenatiPh,
58d64cf668f62067806a5c25,58d6425f68f62067806697e0,NinaSenicar,0.9523522764865203
58d64cf668f62067806a5c26,58d6425f68f62067806697e0,NylonMag,
58d64cf668f62067806a5c27,58d6425f68f62067806697e0,OB_FASHION,
58d64cf668f62067806a5c28,58d6425f68f62067806697e0,OPUMO_UK,
58d64cf668f62067806a5c29,58d6425f68f62067806697e0,OfficialNievesA,0.9035507699717311
58d64cf668f62067806a5c2a,58d6425f68f62067806697e0,OliviaPalermo,
58d64cf668f62067806a5c2b,58d6425f68f62067806697e0,OnaliMilano,0.9288645893506914
58d64cf668f62067806a5c2c,58d6425f68f62067806697e0,OzonaOcchiali,0.802494133829585
58d64cf668f62067806a5c2d,58d6425f68f62067806697e0,PCademartori,0.9752436437167241
58d64cf668f62067806a5c2e,58d6425f68f62067806697e0,PINKO,0.9258351860480437
58d64cf668f62067806a5c2f,58d6425f68f62067806697e0,Philosophy1984,0.9530717507340828
58d64cf668f62067806a5c30,58d6425f68f62067806697e0,Pierpawdagency,0.8825480680212457
58d64cf668f62067806a5c31,58d6425f68f62067806697e0,Pixiepromotion,
58d64cf668f62067806a5c32,58d6425f68f62067806697e0,PolimodaFirenze,0.8988755766144687
58d64cf668f62067806a5c33,58d6425f68f62067806697e0,PunktMagazine,0.8735487422679037
58d64cf668f62067806a5c34,58d6425f68f62067806697e0,QuattroMani_,0.847357820503103
58d64cf668f62067806a5c35,58d6425f68f62067806697e0,RADDLOUNGE,
58d64cf668f62067806a5c36,58d6425f68f62067806697e0,RedMilkMag,0.9322139516062641
58d64cf668f62067806a5c37,58d6425f68f62067806697e0,Renee_Olstead,
58d64cf668f62067806a5c38,58d6425f68f62067806697e0,RockCreekSea,0.8137433676599102
58d64cf668f62067806a5c39,58d6425f68f62067806697e0,Roe_Na,
58d64cf668f62067806a5c3a,58d6425f68f62067806697e0,RowanBlanchard,0.967063621555329
58d64cf668f62067806a5c3b,58d6425f68f62067806697e0,RoxanaLunaP,
58d64cf668f62067806a5c3c,58d6425f68f62067806697e0,SALAR_milano,0.8122040681691195
58d64cf668f62067806a5c3d,58d6425f68f62067806697e0,SPIDI_on_track,0.8808639591977778
58d64cf668f62067806a5c3e,58d6425f68f62067806697e0,STZZZY,0.8407704858137443
58d64cf668f62067806a5c3f,58d6425f68f62067806697e0,SalvatoreViscio,0.5753870173551602
58d64cf668f62067806a5c40,58d6425f68f62067806697e0,San_Andres_M,0.8511310643040318
58d64cf668f62067806a5c41,58d6425f68f62067806697e0,Scottlipps,0.9395090808655647
58d64cf668f62067806a5c42,58d6425f68f62067806697e0,SfilateFashion,0.5681016179672067
58d64cf668f62067806a5c43,58d6425f68f62067806697e0,ShootingBag1981,0.922598079411109
58d64cf668f62067806a5c44,58d6425f68f62067806697e0,SilCre,0.9095043834267258
58d64cf668f62067806a5c45,58d6425f68f62067806697e0,SilvGatto,0.7853608179611047
58d64cf668f62067806a5c46,58d6425f68f62067806697e0,SimoneSOliver,
58d64cf668f62067806a5c47,58d6425f68f62067806697e0,SkyUno,0.5558150105891037
58d64cf668f62067806a5c48,58d6425f68f62067806697e0,Snapchat,0.8372497319568287
58d64cf668f62067806a5c49,58d6425f68f62067806697e0,SteMicDM,0.5869449918403329
58d64cf668f62067806a5c4a,58d6425f68f62067806697e0,Stefano_Ughetti,
58d64cf668f62067806a5c4b,58d6425f68f62067806697e0,StellaJeanLtd,0.9533873136378624
58d64cf668f62067806a5c4c,58d6425f68f62067806697e0,Stelouche,0.9099249399982015
58d64cf668f62067806a5c4d,58d6425f68f62067806697e0,StudioL72,0.7840319777940762
58d64cf668f62067806a5c4e,58d6425f68f62067806697e0,StyleBarista,0.9494802465872176
58d64cf668f62067806a5c4f,58d6425f68f62067806697e0,StyleCaster,0.4746375080806444
58d64cf668f62067806a5c50,58d6425f68f62067806697e0,Style_Chameleon,0.8943244585383348
58d64cf668f62067806a5c51,58d6425f68f62067806697e0,SylvioGiardina,0.913817781440967
58d64cf668f62067806a5c52,58d6425f68f62067806697e0,TELA9official,0.6551587863546854
58d64cf668f62067806a5c53,58d6425f68f62067806697e0,THELOVEMAGAZINE,0.9197113771928712
58d64cf668f62067806a5c54,58d6425f68f62067806697e0,TakOriKnit,0.9372168162462156
58d64cf668f62067806a5c55,58d6425f68f62067806697e0,Tate,
58d64cf668f62067806a5c56,58d6425f68f62067806697e0,TeamEG00MarcVDS,0.9580933942497378
58d64cf668f62067806a5c57,58d6425f68f62067806697e0,Telegraph,0.855078168601483
58d64cf668f62067806a5c58,58d6425f68f62067806697e0,Temple_Muse,0.6409893072788838
58d64cf668f62067806a5c59,58d6425f68f62067806697e0,TheClawfb,
58d64cf668f62067806a5c5a,58d6425f68f62067806697e0,TheNativeFox,0.8761520001493425
58d64cf668f62067806a5c5b,58d6425f68f62067806697e0,TheSectorialist,0.5839503201098702
58d64cf668f62067806a5c5c,58d6425f68f62067806697e0,The_Dots_UK,0.9481872902197279
58d64cf668f62067806a5c5d,58d6425f68f62067806697e0,The_Feathered,0.9260075140912261
58d64cf668f62067806a5c5e,58d6425f68f62067806697e0,TineLuisa180,0.9218612916295427
58d64cf668f62067806a5c5f,58d6425f68f62067806697e0,TitoRabat,0.7933727801830296
58d64cf668f62067806a5c60,58d6425f68f62067806697e0,UelCamilo,0.8511596070851262
58d64cf668f62067806a5c61,58d6425f68f62067806697e0,UnderstandMag,0.8482731418389968
58d64cf668f62067806a5c62,58d6425f68f62067806697e0,VANNILONDON,0.7999050658418497
58d64cf668f62067806a5c63,58d6425f68f62067806697e0,Viceversadj,
58d64cf668f62067806a5c64,58d6425f68f62067806697e0,Vimeo,0.960234421987969
58d64cf668f62067806a5c65,58d6425f68f62067806697e0,VincentBilleci,0.8438610079357193
58d64cf668f62067806a5c66,58d6425f68f62067806697e0,VitoFernicola,0.9237651495724546
58d64cf668f62067806a5c67,58d6425f68f62067806697e0,VivettaVivetta,0.8986891299827852
58d64cf668f62067806a5c68,58d6425f68f62067806697e0,VoltaFootwear,0.914283778676085
58d64cf668f62067806a5c69,58d6425f68f62067806697e0,WendyBrandes,0.9419653660774714
58d64cf668f62067806a5c6a,58d6425f68f62067806697e0,WendyfWilson,0.9025566705233428
58d64cf668f62067806a5c6b,58d6425f68f62067806697e0,WhyNotModels,0.8839130613452231
58d64cf668f62067806a5c6c,58d6425f68f62067806697e0,WhynotMag,0.9434743721761156
58d64cf668f62067806a5c6d,58d6425f68f62067806697e0,Wix,
58d64cf668f62067806a5c6e,58d6425f68f62067806697e0,YOUFOOTWEAR,0.9105413556612869
58d64cf668f62067806a5c6f,58d6425f68f62067806697e0,Zanchetti_bag,0.8825110589217947
58d64cf668f62067806a5c70,58d6425f68f62067806697e0,Zegna,0.9079080712859177
58d64cf668f62067806a5c71,58d6425f68f62067806697e0,_1_Christian_,0.7893935244287428
58d64cf668f62067806a5c72,58d6425f68f62067806697e0,_Malloni,0.8362886788056602
58d64cf668f62067806a5c73,58d6425f68f62067806697e0,_camofactory,0.9230020847830764
58d64cf668f62067806a5c74,58d6425f68f62067806697e0,_lulukennedy,0.9696276969436749
58d64cf668f62067806a5c75,58d6425f68f62067806697e0,alan78mo,0.960526139391948
58d64cf668f62067806a5c76,58d6425f68f62067806697e0,albertomoni,0.8450806093670851
58d64cf668f62067806a5c77,58d6425f68f62067806697e0,alesartori,0.9006221384324384
58d64cf668f62067806a5c78,58d6425f68f62067806697e0,alidaaltemburg,0.9115820916785505
58d64cf668f62067806a5c79,58d6425f68f62067806697e0,allisonbresnick,0.8832238502292289
58d64cf668f62067806a5c7a,58d6425f68f62067806697e0,ama_riding,
58d64cf668f62067806a5c7b,58d6425f68f62067806697e0,andreasmercante,
58d64cf668f62067806a5c7c,58d6425f68f62067806697e0,annabelle_mag,0.8876837239540378
58d64cf668f62067806a5c7d,58d6425f68f62067806697e0,artribune,0.766829203681852
58d64cf668f62067806a5c7e,58d6425f68f62067806697e0,assinform,0.6966882134965746
58d64cf668f62067806a5c7f,58d6425f68f62067806697e0,barbaramodesti,0.8585109418609305
58d64cf668f62067806a5c80,58d6425f68f62067806697e0,barbierichef,0.7883755019108959
58d64cf668f62067806a5c81,58d6425f68f62067806697e0,benedetto_zago,0.35421410276043486
58d64cf668f62067806a5c82,58d6425f68f62067806697e0,betashop,
58d64cf668f62067806a5c83,58d6425f68f62067806697e0,bnolli,0.8119388594308165
58d64cf668f62067806a5c84,58d6425f68f62067806697e0,bridgethelene,0.9745585992642248
58d64cf668f62067806a5c85,58d6425f68f62067806697e0,candelanovembre,0.8969353196912146
58d64cf668f62067806a5c86,58d6425f68f62067806697e0,carolinesmode,0.951562832063687
58d64cf668f62067806a5c87,58d6425f68f62067806697e0,charlottes_web,0.9155433043912006
58d64cf668f62067806a5c88,58d6425f68f62067806697e0,coinstore,
58d64cf668f62067806a5c89,58d6425f68f62067806697e0,demichev_alexey,
58d64cf668f62067806a5c8a,58d6425f68f62067806697e0,duangposh,0.980351704555988
58d64cf668f62067806a5c8b,58d6425f68f62067806697e0,dududu_,0.7906656570679352
58d64cf668f62067806a5c8c,58d6425f68f62067806697e0,eXkite_Italy,0.9097335152403949
58d64cf668f62067806a5c8d,58d6425f68f62067806697e0,eesataufenbach,
58d64cf668f62067806a5c8e,58d6425f68f62067806697e0,erika_swan,0.8136916065279612
58d64cf668f62067806a5c8f,58d6425f68f62067806697e0,erincg,0.9637828725737374
58d64cf668f62067806a5c90,58d6425f68f62067806697e0,fashionising,
58d64cf668f62067806a5c91,58d6425f68f62067806697e0,fashionlook4u,0.9277262242177915
58d64cf668f62067806a5c92,58d6425f68f62067806697e0,fer_liv,0.9260995659706771
58d64cf668f62067806a5c93,58d6425f68f62067806697e0,ferraginapress,0.8921022906562832
58d64cf668f62067806a5c94,58d6425f68f62067806697e0,fwrd,0.916456551361241
58d64cf668f62067806a5c95,58d6425f68f62067806697e0,gallery1am,0.6561939802993686
58d64cf668f62067806a5c96,58d6425f68f62067806697e0,garbopr,0.8562207854486938
58d64cf668f62067806a5c97,58d6425f68f62067806697e0,gnambox,0.8746942683241844
58d64cf668f62067806a5c98,58d6425f68f62067806697e0,hickeymag,0.9124406244272051
58d64cf668f62067806a5c99,58d6425f68f62067806697e0,hlgrp,0.9612463881281307
58d64cf668f62067806a5c9a,58d6425f68f62067806697e0,iD_magazine,0.5583020181287071
58d64cf668f62067806a5c9b,58d6425f68f62067806697e0,iamwillking,0.9730216664623907
58d64cf668f62067806a5c9c,58d6425f68f62067806697e0,iodonnalive,0.386640197584199
58d64cf668f62067806a5c9d,58d6425f68f62067806697e0,isetanparknet,0.7316414062045139
58d64cf668f62067806a5c9e,58d6425f68f62067806697e0,itsmecallas,0.9289652522197209
58d64cf668f62067806a5c9f,58d6425f68f62067806697e0,johnyuyi,0.9255929204747521
58d64cf668f62067806a5ca0,58d6425f68f62067806697e0,karhuofficial,0.9326527867889267
58d64cf668f62067806a5ca1,58d6425f68f62067806697e0,ktz_official,0.9640354756584638
58d64cf668f62067806a5ca2,58d6425f68f62067806697e0,ladygaga,0.9014746662329196
58d64cf668f62067806a5ca3,58d6425f68f62067806697e0,leeoliveiraSS,0.943657925338773
58d64cf668f62067806a5ca4,58d6425f68f62067806697e0,leonardoworx,0.8975075924661298
58d64cf668f62067806a5ca5,58d6425f68f62067806697e0,levantecanta,0.9010919449807047
58d64cf668f62067806a5ca6,58d6425f68f62067806697e0,lillollipops,0.9532415617628365
58d64cf668f62067806a5ca7,58d6425f68f62067806697e0,lindsayALBANESE,0.9270421261309713
58d64cf668f62067806a5ca8,58d6425f68f62067806697e0,matteo,0.908365083452598
58d64cf668f62067806a5ca9,58d6425f68f62067806697e0,matteopiana,0.8852245908150611
58d64cf668f62067806a5caa,58d6425f68f62067806697e0,matteorenzi,
58d64cf668f62067806a5cab,58d6425f68f62067806697e0,mattiakamikaze,0.7951961389989419
58d64cf668f62067806a5cac,58d6425f68f62067806697e0,mbfwofficial,0.821927743601077
58d64cf668f62067806a5cad,58d6425f68f62067806697e0,medusa_film,
58d64cf668f62067806a5cae,58d6425f68f62067806697e0,melissasatta,
58d64cf668f62067806a5caf,58d6425f68f62067806697e0,merygreiss,
58d64cf668f62067806a5cb0,58d6425f68f62067806697e0,mffashion_com,0.6859181768403458
58d64cf668f62067806a5cb1,58d6425f68f62067806697e0,miamoretti,0.9634546279598714
58d64cf668f62067806a5cb2,58d6425f68f62067806697e0,modareforma,0.9280693395046175
58d64cf668f62067806a5cb3,58d6425f68f62067806697e0,models,0.9737432623120074
58d64cf668f62067806a5cb4,58d6425f68f62067806697e0,modernbotanics,0.9057670246098097
58d64cf668f62067806a5cb5,58d6425f68f62067806697e0,modernsocietyUK,0.9352620260942959
58d64cf668f62067806a5cb6,58d6425f68f62067806697e0,monpassage,0.9407534956110328
58d64cf668f62067806a5cb7,58d6425f68f62067806697e0,museodel900,0.9417612557127736
58d64cf668f62067806a5cb8,58d6425f68f62067806697e0,mustafasab,0.9500872397774323
58d64cf668f62067806a5cb9,58d6425f68f62067806697e0,mvagustamotor,0.8560838209233733
58d64cf668f62067806a5cba,58d6425f68f62067806697e0,n30milano,0.9557825656110467
58d64cf668f62067806a5cbb,58d6425f68f62067806697e0,neilbarrett,0.7695681443081887
58d64cf668f62067806a5cbc,58d6425f68f62067806697e0,nickjonas,0.9162588425403889
58d64cf668f62067806a5cbd,58d6425f68f62067806697e0,nouvellefactory,0.8232841990558928
58d64cf668f62067806a5cbe,58d6425f68f62067806697e0,paolamenaldo,0.700580368367246
58d64cf668f62067806a5cbf,58d6425f68f62067806697e0,paputtina,0.8609090765193979
58d64cf668f62067806a5cc0,58d6425f68f62067806697e0,pbillustrated,0.9549227025045696
58d64cf668f62067806a5cc1,58d6425f68f62067806697e0,polkadot_mag,0.8876356650599054
58d64cf668f62067806a5cc2,58d6425f68f62067806697e0,popcornblogtv,0.38526836551849164
58d64cf668f62067806a5cc3,58d6425f68f62067806697e0,popdany,0.7236845685332016
58d64cf668f62067806a5cc4,58d6425f68f62067806697e0,portiswasp,0.8622324408695085
58d64cf668f62067806a5cc5,58d6425f68f62067806697e0,rihanna,0.9627204345170953
58d64cf668f62067806a5cc6,58d6425f68f62067806697e0,rominasacre,0.888965354513036
58d64cf668f62067806a5cc7,58d6425f68f62067806697e0,rosemcgowan1,0.6893589596013371
58d64cf668f62067806a5cc8,58d6425f68f62067806697e0,sandfashionblog,0.7826947541445701
58d64cf668f62067806a5cc9,58d6425f68f62067806697e0,santambrogio,0.9696822934764616
58d64cf668f62067806a5cca,58d6425f68f62067806697e0,sarulist,0.7619222420715303
58d64cf668f62067806a5ccb,58d6425f68f62067806697e0,selfservicemag,0.5457379374479829
58d64cf668f62067806a5ccc,58d6425f68f62067806697e0,sergentecorradi,0.47970817145107847
58d64cf668f62067806a5ccd,58d6425f68f62067806697e0,sergiorossi,0.8033645604796068
58d64cf668f62067806a5cce,58d6425f68f62067806697e0,smguarneri,0.9045687013124609
58d64cf668f62067806a5ccf,58d6425f68f62067806697e0,sonamakapoor,
58d64cf668f62067806a5cd0,58d6425f68f62067806697e0,spmaslansky,0.8188595234394576
58d64cf668f62067806a5cd1,58d6425f68f62067806697e0,subvrtmag,0.9483474182812767
58d64cf668f62067806a5cd2,58d6425f68f62067806697e0,sweetad2ictions,
58d64cf668f62067806a5cd3,58d6425f68f62067806697e0,tartelletta,0.5432947503361129
58d64cf668f62067806a5cd4,58d6425f68f62067806697e0,thecaprissimo,0.9047932499372858
58d64cf668f62067806a5cd5,58d6425f68f62067806697e0,thecools,0.9791232586905895
58d64cf668f62067806a5cd6,58d6425f68f62067806697e0,thefashionisto,0.8595892178679407
58d64cf668f62067806a5cd7,58d6425f68f62067806697e0,thestunningpost,0.9353150650432241
58d64cf668f62067806a5cd8,58d6425f68f62067806697e0,trendstodayit,0.7543893792794645
58d64cf668f62067806a5cd9,58d6425f68f62067806697e0,truecostmovie,0.9780182458689209
58d64cf668f62067806a5cda,58d6425f68f62067806697e0,ukmcbo,
58d64cf668f62067806a5cdb,58d6425f68f62067806697e0,velvetuzi,0.9312301950328925
58d64cf668f62067806a5cdc,58d6425f68f62067806697e0,venturini85,0.8258953821029877
58d64cf668f62067806a5cdd,58d6425f68f62067806697e0,vince,0.9693380759230427
58d64cf668f62067806a5cde,58d6425f68f62067806697e0,vincenzo_grillo,0.8594697237819977
58d64cf668f62067806a5cdf,58d6425f68f62067806697e0,vmagazine,
58d64cf668f62067806a5ce0,58d6425f68f62067806697e0,waitandsee_mi,0.8539205645243605
58d64cf668f62067806a5ce1,58d6425f68f62067806697e0,weareselecters,
58d64cf668f62067806a5ce2,58d6425f68f62067806697e0,whosnextdotcom,
58d64cf668f62067806a5ce3,58d6425f68f62067806697e0,wmag,0.8872038993893663
58d64cf668f62067806a5ce4,58d6425f68f62067806697e0,womenmgmt,
58d64cf668f62067806a5ce5,58d6425f68f62067806697e0,yo_dona,
58d64cf668f62067806a5ce6,58d6425f68f62067806697e0,zeldawasawriter,
58d64cf668f62067806a5ce7,58d6425f68f62067806697e0,zitafabiani,0.9613282173143605
58d64cf668f62067806a5ce8,58d6425f68f62067806697e0,zoeydeutch,0.9331233714369167
