_id,seed,tweet,spot,categories
58bfca7e68f62018da463cb8,58bfc90468f62018da4510d2,58bfc7fe68f62018da449e4c,AustriaEXPO2017Astana,hashtag
58bfca7e68f62018da463cb9,58bfc90468f62018da4510d2,58bfc7fe68f62018da449e4c,austria_in_KZ,mention
58bfca7e68f62018da463cba,58bfc90468f62018da4510d2,58bfc7fe68f62018da449e4c,expoaustria,mention
58bfca7e68f62018da463cbb,58bfc90468f62018da4510d2,58bfc7fe68f62018da449e4c,EXPO2017Astana,mention
58bfca7e68f62018da463cbc,58bfc90468f62018da4510d2,58bfc7fe68f62018da449e4d,expoaustria,hashtag
58bfca7e68f62018da463cbd,58bfc90468f62018da4510d2,58bfc7fe68f62018da449e4d,Expo2015Milano,mention
58bfca7e68f62018da463cbe,58bfc90468f62018da4510d2,58bfc7fe68f62018da449e4e,MyExpoMemory,hashtag
58bfca7e68f62018da463cbf,58bfc90468f62018da4510d2,58bfc7fe68f62018da449e4e,Expo2015Milano,mention
58bfca7e68f62018da463cc0,58bfc90468f62018da4510d2,58bfc7fe68f62018da449e4e,derVodi,mention
58bfca7e68f62018da463cc1,58bfc90468f62018da4510d2,58bfc7fe68f62018da449e4e,expoaustria,mention
58bfca7e68f62018da463cc2,58bfc90468f62018da4510d2,58bfc7fe68f62018da449e4e,instagram,mention
58bfca7e68f62018da463cc3,58bfc90468f62018da4510d2,58bfc7fe68f62018da449e4f,ExpoMilan2015,hashtag
58bfca7e68f62018da463cc4,58bfc90468f62018da4510d2,58bfc7fe68f62018da449e4f,expoaustria,hashtag
58bfca7e68f62018da463cc5,58bfc90468f62018da4510d2,58bfc7fe68f62018da449e50,efficienzaEnergetica,hashtag
58bfca7e68f62018da463cc6,58bfc90468f62018da4510d2,58bfc7fe68f62018da449e50,expomilano,hashtag
58bfca7e68f62018da463cc7,58bfc90468f62018da4510d2,58bfc7fe68f62018da449e50,expo,hashtag
58bfca7e68f62018da463cc8,58bfc90468f62018da4510d2,58bfc7fe68f62018da449e50,expo2015,hashtag
58bfca7e68f62018da463cc9,58bfc90468f62018da4510d2,58bfc7fe68f62018da449e50,4expo,mention
58bfca7e68f62018da463cca,58bfc90468f62018da4510d2,58bfc7fe68f62018da449e51,Austria,hashtag
58bfca7e68f62018da463ccb,58bfc90468f62018da4510d2,58bfc7fe68f62018da449e51,Expo,hashtag
58bfca7e68f62018da463ccc,58bfc90468f62018da4510d2,58bfc7fe68f62018da449e51,atomuan,mention
58bfca7e68f62018da463ccd,58bfc90468f62018da4510d2,58bfc7fe68f62018da449e51,expoaustria,mention
58bfca7e68f62018da463cce,58bfc90468f62018da4510d2,58bfc7fe68f62018da449e52,Nationalfeiertag,hashtag
58bfca7e68f62018da463ccf,58bfc90468f62018da4510d2,58bfc7fe68f62018da449e52,Austria,hashtag
58bfca7e68f62018da463cd0,58bfc90468f62018da4510d2,58bfc7fe68f62018da449e52,breatheaustria,hashtag
58bfca7e68f62018da463cd1,58bfc90468f62018da4510d2,58bfc7fe68f62018da449e52,Myexpo2015,hashtag
58bfca7e68f62018da463cd2,58bfc90468f62018da4510d2,58bfc7fe68f62018da449e52,Expo2015,hashtag
58bfca7e68f62018da463cd3,58bfc90468f62018da4510d2,58bfc7fe68f62018da449e52,lore_cavalieri,mention
58bfca7e68f62018da463cd4,58bfc90468f62018da4510d2,58bfc7fe68f62018da449e52,expoaustria,mention
58bfca7e68f62018da463cd5,58bfc90468f62018da4510d2,58bfc7fe68f62018da449e52,TuttoExpo2015,mention
58bfca7e68f62018da463cd6,58bfc90468f62018da4510d2,58bfc7fe68f62018da449e53,Expo2015,hashtag
58bfca7e68f62018da463cd7,58bfc90468f62018da4510d2,58bfc7fe68f62018da449e53,foodnug,mention
58bfca7e68f62018da463cd8,58bfc90468f62018da4510d2,58bfc7fe68f62018da449e53,expoaustria,mention
58bfca7e68f62018da463cd9,58bfc90468f62018da4510d2,58bfc7fe68f62018da449e54,CorrGiuseppe,mention
58bfca7e68f62018da463cda,58bfc90468f62018da4510d2,58bfc7fe68f62018da449e54,expoaustria,mention
58bfca7e68f62018da463cdb,58bfc90468f62018da4510d2,58bfc7fe68f62018da449e54,Expo2015Milano,mention
58bfca7e68f62018da463cdc,58bfc90468f62018da4510d2,58bfc7fe68f62018da449e55,throwback,hashtag
58bfca7e68f62018da463cdd,58bfc90468f62018da4510d2,58bfc7fe68f62018da449e55,EXPOgram2015,mention
58bfca7e68f62018da463cde,58bfc90468f62018da4510d2,58bfc7fe68f62018da449e56,newpublicart,hashtag
58bfca7e68f62018da463cdf,58bfc90468f62018da4510d2,58bfc7fe68f62018da449e56,slsilves,mention
58bfca7e68f62018da463ce0,58bfc90468f62018da4510d2,58bfc7fe68f62018da449e57,RussiaExpo2015,mention
58bfca7e68f62018da463ce1,58bfc90468f62018da4510d2,58bfc7fe68f62018da449e57,YouTube,mention
58bfca7e68f62018da463ce2,58bfc90468f62018da4510d2,58bfc7fe68f62018da449e58,Expo2015,hashtag
58bfca7e68f62018da463ce3,58bfc90468f62018da4510d2,58bfc7fe68f62018da449e58,carlocerati,mention
58bfca7e68f62018da463ce4,58bfc90468f62018da4510d2,58bfc7fe68f62018da449e58,AintheB,mention
58bfca7e68f62018da463ce5,58bfc90468f62018da4510d2,58bfc7fe68f62018da449e59,GreenXCountry,mention
58bfca7e68f62018da463ce6,58bfc90468f62018da4510d2,58bfc7fe68f62018da449e59,PinkhardhatFL,mention
58bfca7e68f62018da463ce7,58bfc90468f62018da4510d2,58bfc7fe68f62018da449e59,BetterWorldClub,mention
58bfca7e68f62018da463ce8,58bfc90468f62018da4510d2,58bfc7fe68f62018da449e59,getblogphotos,mention
58bfca7e68f62018da463ce9,58bfc90468f62018da4510d2,58bfc7fe68f62018da449e5a,designboom,hashtag
58bfca7e68f62018da463cea,58bfc90468f62018da4510d2,58bfc7fe68f62018da449e5a,designboom,mention
58bfca7e68f62018da463ceb,58bfc90468f62018da4510d2,58bfc7fe68f62018da449e5a,Expo2015Milano,mention
58bfca7e68f62018da463cec,58bfc90468f62018da4510d2,58bfc7fe68f62018da449e5b,AUSTRIA_IN_IT,mention
58bfca7e68f62018da463ced,58bfc90468f62018da4510d2,58bfc7fe68f62018da449e5b,armani,mention
58bfca7e68f62018da463cee,58bfc90468f62018da4510d2,58bfc7fe68f62018da449e5b,expoaustria,mention
58bfca7e68f62018da463cef,58bfc90468f62018da4510d2,58bfc7fe68f62018da449e5c,polimi,mention
58bfca7e68f62018da463cf0,58bfc90468f62018da4510d2,58bfc7fe68f62018da449e5c,StefanoBoeri,mention
58bfca7e68f62018da463cf1,58bfc90468f62018da4510d2,58bfc7fe68f62018da449e5c,expoaustria,mention
58bfca7e68f62018da463cf2,58bfc90468f62018da4510d2,58bfc7fe68f62018da449e5d,ETPO,hashtag
58bfca7e68f62018da463cf3,58bfc90468f62018da4510d2,58bfc7fe68f62018da449e5d,breatheaustria,hashtag
58bfca7e68f62018da463cf4,58bfc90468f62018da4510d2,58bfc7fe68f62018da449e5d,DaveJBach,mention
58bfca7e68f62018da463cf5,58bfc90468f62018da4510d2,58bfc7fe68f62018da449e5d,wko_aw,mention
58bfca7e68f62018da463cf6,58bfc90468f62018da4510d2,58bfc7fe68f62018da449e5d,expoaustria,mention
58bfca7e68f62018da463cf7,58bfc90468f62018da4510d2,58bfc7fe68f62018da449e5e,DaveJBach,mention
58bfca7e68f62018da463cf8,58bfc90468f62018da4510d2,58bfc7fe68f62018da449e5e,expoaustria,mention
58bfca7e68f62018da463cf9,58bfc90468f62018da4510d2,58bfc7fe68f62018da449e5f,BrunellaBi,mention
58bfca7e68f62018da463cfa,58bfc90468f62018da4510d2,58bfc7fe68f62018da449e5f,Expo2015Milano,mention
58bfca7e68f62018da463cfb,58bfc90468f62018da4510d2,58bfc7fe68f62018da449e5f,expoaustria,mention
58bfca7e68f62018da463cfc,58bfc90468f62018da4510d2,58bfc7fe68f62018da449e60,BREATHE,hashtag
58bfca7e68f62018da463cfd,58bfc90468f62018da4510d2,58bfc7fe68f62018da449e60,Austriapavilion,hashtag
58bfca7e68f62018da463cfe,58bfc90468f62018da4510d2,58bfc7fe68f62018da449e60,Expo2015,hashtag
58bfca7e68f62018da463cff,58bfc90468f62018da4510d2,58bfc7fe68f62018da449e60,Ale_Vedari,mention
58bfca7e68f62018da463d00,58bfc90468f62018da4510d2,58bfc7fe68f62018da449e61,expo,hashtag
58bfca7e68f62018da463d01,58bfc90468f62018da4510d2,58bfc7fe68f62018da449e61,expomilano2015,hashtag
58bfca7e68f62018da463d02,58bfc90468f62018da4510d2,58bfc7fe68f62018da449e61,milano,hashtag
58bfca7e68f62018da463d03,58bfc90468f62018da4510d2,58bfc7fe68f62018da449e61,igersitalia,hashtag
58bfca7e68f62018da463d04,58bfc90468f62018da4510d2,58bfc7fe68f62018da449e61,austria,hashtag
58bfca7e68f62018da463d05,58bfc90468f62018da4510d2,58bfc7fe68f62018da449e61,austriapavilion,hashtag
58bfca7e68f62018da463d06,58bfc90468f62018da4510d2,58bfc7fe68f62018da449e61,EXPOgram2015,mention
58bfca7e68f62018da463d07,58bfc90468f62018da4510d2,58bfc7fe68f62018da449e62,austria,hashtag
58bfca7e68f62018da463d08,58bfc90468f62018da4510d2,58bfc7fe68f62018da449e62,expo2015,hashtag
58bfca7e68f62018da463d09,58bfc90468f62018da4510d2,58bfc7fe68f62018da449e62,austriapavilion,hashtag
58bfca7e68f62018da463d0a,58bfc90468f62018da4510d2,58bfc7fe68f62018da449e62,EleonoraScassel,mention
58bfca7e68f62018da463d0b,58bfc90468f62018da4510d2,58bfc7fe68f62018da449e63,austria,hashtag
58bfca7e68f62018da463d0c,58bfc90468f62018da4510d2,58bfc7fe68f62018da449e63,expo2015,hashtag
58bfca7e68f62018da463d0d,58bfc90468f62018da4510d2,58bfc7fe68f62018da449e63,breatheaustria,hashtag
58bfca7e68f62018da463d0e,58bfc90468f62018da4510d2,58bfc7fe68f62018da449e63,EXPOgram2015,mention
58bfca7e68f62018da463d0f,58bfc90468f62018da4510d2,58bfc7fe68f62018da449e64,breatheaustria,hashtag
58bfca7e68f62018da463d10,58bfc90468f62018da4510d2,58bfc7fe68f62018da449e64,EXPOgram2015,mention
58bfca7e68f62018da463d11,58bfc90468f62018da4510d2,58bfc7fe68f62018da449e65,BreatheAustria,hashtag
58bfca7e68f62018da463d12,58bfc90468f62018da4510d2,58bfc7fe68f62018da449e66,AUSTRIA_IN_IT,mention
58bfca7e68f62018da463d13,58bfc90468f62018da4510d2,58bfc7fe68f62018da449e66,Expo2015Milano,mention
58bfca7e68f62018da463d14,58bfc90468f62018da4510d2,58bfc7fe68f62018da449e66,GvLive,mention
58bfca7e68f62018da463d15,58bfc90468f62018da4510d2,58bfc7fe68f62018da449e66,expoaustria,mention
58bfca7e68f62018da463d16,58bfc90468f62018da4510d2,58bfc7fe68f62018da449e66,austriatourism,mention
58bfca7e68f62018da463d17,58bfc90468f62018da4510d2,58bfc7fe68f62018da449e67,lukealb,mention
58bfca7e68f62018da463d18,58bfc90468f62018da4510d2,58bfc7fe68f62018da449e68,lukealb,mention
58bfca7e68f62018da463d19,58bfc90468f62018da4510d2,58bfc7fe68f62018da449e68,expoaustria,mention
58bfca7e68f62018da463d1a,58bfc90468f62018da4510d2,58bfc7fe68f62018da449e69,lukealb,mention
58bfca7e68f62018da463d1b,58bfc90468f62018da4510d2,58bfc7fe68f62018da449e6a,exposouthtyrol,hashtag
58bfca7e68f62018da463d1c,58bfc90468f62018da4510d2,58bfc7fe68f62018da449e6a,exposouthtyrol,mention
58bfca7e68f62018da463d1d,58bfc90468f62018da4510d2,58bfc7fe68f62018da449e6a,Expo2015Milano,mention
58bfca7e68f62018da463d1e,58bfc90468f62018da4510d2,58bfc7fe68f62018da449e6a,Pad_Ita2015,mention
58bfca7e68f62018da463d1f,58bfc90468f62018da4510d2,58bfc7fe68f62018da449e6b,Mishka,hashtag
58bfca7e68f62018da463d20,58bfc90468f62018da4510d2,58bfc7fe68f62018da449e6b,BreathAustria,hashtag
58bfca7e68f62018da463d21,58bfc90468f62018da4510d2,58bfc7fe68f62018da449e6b,Austria,hashtag
58bfca7e68f62018da463d22,58bfc90468f62018da4510d2,58bfc7fe68f62018da449e6b,pavilion,hashtag
58bfca7e68f62018da463d23,58bfc90468f62018da4510d2,58bfc7fe68f62018da449e6b,RussiaExpo2015,mention
58bfca7e68f62018da463d24,58bfc90468f62018da4510d2,58bfc7fe68f62018da449e6b,expoaustria,mention
58bfca7e68f62018da463d25,58bfc90468f62018da4510d2,58bfc7fe68f62018da449e6b,Expo2015Milano,mention
58bfca7e68f62018da463d26,58bfc90468f62018da4510d2,58bfc7fe68f62018da449e6c,VBeghini,mention
58bfca7e68f62018da463d27,58bfc90468f62018da4510d2,58bfc7fe68f62018da449e6d,BrunellaBi,mention
58bfca7e68f62018da463d28,58bfc90468f62018da4510d2,58bfc7fe68f62018da449e6e,eathink2015,hashtag
58bfca7e68f62018da463d29,58bfc90468f62018da4510d2,58bfc7fe68f62018da449e6e,expo2015,hashtag
58bfca7e68f62018da463d2a,58bfc90468f62018da4510d2,58bfc7fe68f62018da449e6e,eathink2015,mention
58bfca7e68f62018da463d2b,58bfc90468f62018da4510d2,58bfc7fe68f62018da449e6e,expoaustria,mention
58bfca7e68f62018da463d2c,58bfc90468f62018da4510d2,58bfc7fe68f62018da449e6f,EugenieGoedheer,mention
58bfca7e68f62018da463d2d,58bfc90468f62018da4510d2,58bfc7fe68f62018da449e70,EugenieGoedheer,mention
58bfca7e68f62018da463d2e,58bfc90468f62018da4510d2,58bfc7fe68f62018da449e71,StephenMPurcell,mention
58bfca7e68f62018da463d2f,58bfc90468f62018da4510d2,58bfc7fe68f62018da449e71,INDICATE_EU,mention
58bfca7e68f62018da463d30,58bfc90468f62018da4510d2,58bfc7fe68f62018da449e71,Expo2015Milano,mention
58bfca7e68f62018da463d31,58bfc90468f62018da4510d2,58bfc7fe68f62018da449e71,expoaustria,mention
58bfca7e68f62018da463d32,58bfc90468f62018da4510d2,58bfc7fe68f62018da449e71,IESVE,mention
58bfca7e68f62018da463d33,58bfc90468f62018da4510d2,58bfc7fe68f62018da449e71,ESRDublin2015,mention
58bfca7e68f62018da463d34,58bfc90468f62018da4510d2,58bfc7fe68f62018da449e72,BreathAustria,hashtag
58bfca7e68f62018da463d35,58bfc90468f62018da4510d2,58bfc7fe68f62018da449e72,AustriaPavilion,hashtag
58bfca7e68f62018da463d36,58bfc90468f62018da4510d2,58bfc7fe68f62018da449e72,ExpoMilano2015,hashtag
58bfca7e68f62018da463d37,58bfc90468f62018da4510d2,58bfc7fe68f62018da449e72,26days,hashtag
58bfca7e68f62018da463d38,58bfc90468f62018da4510d2,58bfc7fe68f62018da449e73,Matolas,mention
58bfca7e68f62018da463d39,58bfc90468f62018da4510d2,58bfc7fe68f62018da449e74,Expo,hashtag
58bfca7e68f62018da463d3a,58bfc90468f62018da4510d2,58bfc7fe68f62018da449e74,DonBosco4Expo,mention
58bfca7e68f62018da463d3b,58bfc90468f62018da4510d2,58bfc7fe68f62018da449e75,Matolas,mention
58bfca7e68f62018da463d3c,58bfc90468f62018da4510d2,58bfc7fe68f62018da449e76,Austria,hashtag
58bfca7e68f62018da463d3d,58bfc90468f62018da4510d2,58bfc7fe68f62018da449e76,pavillon,hashtag
58bfca7e68f62018da463d3e,58bfc90468f62018da4510d2,58bfc7fe68f62018da449e76,padiglione,hashtag
58bfca7e68f62018da463d3f,58bfc90468f62018da4510d2,58bfc7fe68f62018da449e76,Expo2015,hashtag
58bfca7e68f62018da463d40,58bfc90468f62018da4510d2,58bfc7fe68f62018da449e76,Expo,hashtag
58bfca7e68f62018da463d41,58bfc90468f62018da4510d2,58bfc7fe68f62018da449e76,greetings,hashtag
58bfca7e68f62018da463d42,58bfc90468f62018da4510d2,58bfc7fe68f62018da449e76,friends,hashtag
58bfca7e68f62018da463d43,58bfc90468f62018da4510d2,58bfc7fe68f62018da449e76,amici,hashtag
58bfca7e68f62018da463d44,58bfc90468f62018da4510d2,58bfc7fe68f62018da449e76,milano,hashtag
58bfca7e68f62018da463d45,58bfc90468f62018da4510d2,58bfc7fe68f62018da449e76,Matolas,mention
58bfca7e68f62018da463d46,58bfc90468f62018da4510d2,58bfc7fe68f62018da449e77,PadiglioneAustria,hashtag
58bfca7e68f62018da463d47,58bfc90468f62018da4510d2,58bfc7fe68f62018da449e77,Expo2015,hashtag
58bfca7e68f62018da463d48,58bfc90468f62018da4510d2,58bfc7fe68f62018da449e77,orgoglioItalia,hashtag
58bfca7e68f62018da463d49,58bfc90468f62018da4510d2,58bfc7fe68f62018da449e77,stupiamoilmondo,hashtag
58bfca7e68f62018da463d4a,58bfc90468f62018da4510d2,58bfc7fe68f62018da449e77,RaiExpo,mention
58bfca7e68f62018da463d4b,58bfc90468f62018da4510d2,58bfc7fe68f62018da449e78,BreatheAustria,hashtag
58bfca7e68f62018da463d4c,58bfc90468f62018da4510d2,58bfc7fe68f62018da449e78,Austriapavilion,hashtag
58bfca7e68f62018da463d4d,58bfc90468f62018da4510d2,58bfc7fe68f62018da449e78,Wood,hashtag
58bfca7e68f62018da463d4e,58bfc90468f62018da4510d2,58bfc7fe68f62018da449e78,Air,hashtag
58bfca7e68f62018da463d4f,58bfc90468f62018da4510d2,58bfc7fe68f62018da449e78,Food,hashtag
58bfca7e68f62018da463d50,58bfc90468f62018da4510d2,58bfc7fe68f62018da449e78,ExpoMilano2015,hashtag
58bfca7e68f62018da463d51,58bfc90468f62018da4510d2,58bfc7fe68f62018da449e79,RobertVignola,mention
58bfca7e68f62018da463d52,58bfc90468f62018da4510d2,58bfc7fe68f62018da449e79,expoaustria,mention
58bfca7e68f62018da463d53,58bfc90468f62018da4510d2,58bfc7fe68f62018da449e7b,padiglioneaustria,hashtag
58bfca7e68f62018da463d54,58bfc90468f62018da4510d2,58bfc7fe68f62018da449e7b,strudel,hashtag
58bfca7e68f62018da463d55,58bfc90468f62018da4510d2,58bfc7fe68f62018da449e7b,expo2015,hashtag
58bfca7e68f62018da463d56,58bfc90468f62018da4510d2,58bfc7fe68f62018da449e7b,dolci,hashtag
58bfca7e68f62018da463d57,58bfc90468f62018da4510d2,58bfc7fe68f62018da449e7b,EXPOgram2015,mention
58bfca7e68f62018da463d58,58bfc90468f62018da4510d2,58bfc7fe68f62018da449e7c,biodiversità,hashtag
58bfca7e68f62018da463d59,58bfc90468f62018da4510d2,58bfc7fe68f62018da449e7c,Adnkronos,mention
58bfca7e68f62018da463d5a,58bfc90468f62018da4510d2,58bfc7fe68f62018da449e7d,WeFeedtheFuture,hashtag
58bfca7e68f62018da463d5b,58bfc90468f62018da4510d2,58bfc7fe68f62018da449e7d,Pirelli,mention
58bfca7e68f62018da463d5c,58bfc90468f62018da4510d2,58bfc7fe68f62018da449e7d,expoaustria,mention
58bfca7e68f62018da463d5d,58bfc90468f62018da4510d2,58bfc7fe68f62018da449e7e,BreatheAustria,hashtag
58bfca7e68f62018da463d5e,58bfc90468f62018da4510d2,58bfc7fe68f62018da449e7e,Expo2015,hashtag
58bfca7e68f62018da463d5f,58bfc90468f62018da4510d2,58bfc7fe68f62018da449e7e,austriapavilion,hashtag
58bfca7e68f62018da463d60,58bfc90468f62018da4510d2,58bfc7fe68f62018da449e7e,27days,hashtag
58bfca7e68f62018da463d61,58bfc90468f62018da4510d2,58bfc7fe68f62018da449e7e,Expo2015Milano,mention
58bfca7e68f62018da463d62,58bfc90468f62018da4510d2,58bfc7fe68f62018da449e7f,GrowninBritain,hashtag
58bfca7e68f62018da463d63,58bfc90468f62018da4510d2,58bfc7fe68f62018da449e7f,Expo2015,hashtag
58bfca7e68f62018da463d64,58bfc90468f62018da4510d2,58bfc7fe68f62018da449e7f,expoaustria,mention
58bfca7e68f62018da463d65,58bfc90468f62018da4510d2,58bfc7fe68f62018da449e7f,UKinAustria,mention
58bfca7e68f62018da463d66,58bfc90468f62018da4510d2,58bfc7fe68f62018da449e80,PadiglioneAustria,hashtag
58bfca7e68f62018da463d67,58bfc90468f62018da4510d2,58bfc7fe68f62018da449e80,expo2015,hashtag
58bfca7e68f62018da463d68,58bfc90468f62018da4510d2,58bfc7fe68f62018da449e80,expomilano,hashtag
58bfca7e68f62018da463d69,58bfc90468f62018da4510d2,58bfc7fe68f62018da449e80,VagabondaMente_,mention
58bfca7e68f62018da463d6a,58bfc90468f62018da4510d2,58bfc7fe68f62018da449e81,padiglioneaustria,hashtag
58bfca7e68f62018da463d6b,58bfc90468f62018da4510d2,58bfc7fe68f62018da449e81,EXPOgram2015,mention
58bfca7e68f62018da463d6c,58bfc90468f62018da4510d2,58bfc7fe68f62018da449e82,padiglioneaustria,hashtag
58bfca7e68f62018da463d6d,58bfc90468f62018da4510d2,58bfc7fe68f62018da449e82,expogram2015,hashtag
58bfca7e68f62018da463d6e,58bfc90468f62018da4510d2,58bfc7fe68f62018da449e82,expomilano2015,hashtag
58bfca7e68f62018da463d6f,58bfc90468f62018da4510d2,58bfc7fe68f62018da449e82,GiuliaisHere,mention
58bfca7e68f62018da463d70,58bfc90468f62018da4510d2,58bfc7fe68f62018da449e83,padiglioneaustria,hashtag
58bfca7e68f62018da463d71,58bfc90468f62018da4510d2,58bfc7fe68f62018da449e83,Expo2015,hashtag
58bfca7e68f62018da463d72,58bfc90468f62018da4510d2,58bfc7fe68f62018da449e83,clav89,mention
58bfca7e68f62018da463d73,58bfc90468f62018da4510d2,58bfc7fe68f62018da449e84,Expo2p15,hashtag
58bfca7e68f62018da463d74,58bfc90468f62018da4510d2,58bfc7fe68f62018da449e84,AustriaPavilion,hashtag
58bfca7e68f62018da463d75,58bfc90468f62018da4510d2,58bfc7fe68f62018da449e84,Österreich,hashtag
58bfca7e68f62018da463d76,58bfc90468f62018da4510d2,58bfc7fe68f62018da449e84,Forest,hashtag
58bfca7e68f62018da463d77,58bfc90468f62018da4510d2,58bfc7fe68f62018da449e84,EXPOgram2015,mention
58bfca7e68f62018da463d78,58bfc90468f62018da4510d2,58bfc7fe68f62018da449e85,KupferPhilippe,mention
58bfca7e68f62018da463d79,58bfc90468f62018da4510d2,58bfc7fe68f62018da449e85,wko_aw,mention
58bfca7e68f62018da463d7a,58bfc90468f62018da4510d2,58bfc7fe68f62018da449e85,expoaustria,mention
58bfca7e68f62018da463d7b,58bfc90468f62018da4510d2,58bfc7fe68f62018da449e86,breatheaustria,hashtag
58bfca7e68f62018da463d7c,58bfc90468f62018da4510d2,58bfc7fe68f62018da449e86,austriapavilion,hashtag
58bfca7e68f62018da463d7d,58bfc90468f62018da4510d2,58bfc7fe68f62018da449e86,expomilano2015,hashtag
58bfca7e68f62018da463d7e,58bfc90468f62018da4510d2,58bfc7fe68f62018da449e86,Leonessa1980,mention
58bfca7e68f62018da463d7f,58bfc90468f62018da4510d2,58bfc7fe68f62018da449e87,Expo,hashtag
58bfca7e68f62018da463d80,58bfc90468f62018da4510d2,58bfc7fe68f62018da449e87,SerenaGiacomin,mention
58bfca7e68f62018da463d81,58bfc90468f62018da4510d2,58bfc7fe68f62018da449e88,Austria,hashtag
58bfca7e68f62018da463d82,58bfc90468f62018da4510d2,58bfc7fe68f62018da449e88,expo,hashtag
58bfca7e68f62018da463d83,58bfc90468f62018da4510d2,58bfc7fe68f62018da449e88,expoMilano,hashtag
58bfca7e68f62018da463d84,58bfc90468f62018da4510d2,58bfc7fe68f62018da449e88,expo2015,hashtag
58bfca7e68f62018da463d85,58bfc90468f62018da4510d2,58bfc7fe68f62018da449e88,worldexpo,hashtag
58bfca7e68f62018da463d86,58bfc90468f62018da4510d2,58bfc7fe68f62018da449e88,breathe,hashtag
58bfca7e68f62018da463d87,58bfc90468f62018da4510d2,58bfc7fe68f62018da449e88,forest,hashtag
58bfca7e68f62018da463d88,58bfc90468f62018da4510d2,58bfc7fe68f62018da449e88,a,hashtag
58bfca7e68f62018da463d89,58bfc90468f62018da4510d2,58bfc7fe68f62018da449e88,EXPOgram2015,mention
58bfca7e68f62018da463d8a,58bfc90468f62018da4510d2,58bfc7fe68f62018da449e89,Austria,hashtag
58bfca7e68f62018da463d8b,58bfc90468f62018da4510d2,58bfc7fe68f62018da449e89,healthy,hashtag
58bfca7e68f62018da463d8c,58bfc90468f62018da4510d2,58bfc7fe68f62018da449e89,Expo,hashtag
58bfca7e68f62018da463d8d,58bfc90468f62018da4510d2,58bfc7fe68f62018da449e89,expo2015,hashtag
58bfca7e68f62018da463d8e,58bfc90468f62018da4510d2,58bfc7fe68f62018da449e89,me,hashtag
58bfca7e68f62018da463d8f,58bfc90468f62018da4510d2,58bfc7fe68f62018da449e89,fantastic,hashtag
58bfca7e68f62018da463d90,58bfc90468f62018da4510d2,58bfc7fe68f62018da449e89,s,hashtag
58bfca7e68f62018da463d91,58bfc90468f62018da4510d2,58bfc7fe68f62018da449e89,greenpwrmonitor,mention
58bfca7e68f62018da463d92,58bfc90468f62018da4510d2,58bfc7fe68f62018da449e8a,uga,hashtag
58bfca7e68f62018da463d93,58bfc90468f62018da4510d2,58bfc7fe68f62018da449e8a,expo,hashtag
58bfca7e68f62018da463d94,58bfc90468f62018da4510d2,58bfc7fe68f62018da449e8a,expomilano2015,hashtag
58bfca7e68f62018da463d95,58bfc90468f62018da4510d2,58bfc7fe68f62018da449e8a,expoexperience,hashtag
58bfca7e68f62018da463d96,58bfc90468f62018da4510d2,58bfc7fe68f62018da449e8a,expomilano,hashtag
58bfca7e68f62018da463d97,58bfc90468f62018da4510d2,58bfc7fe68f62018da449e8a,austria,hashtag
58bfca7e68f62018da463d98,58bfc90468f62018da4510d2,58bfc7fe68f62018da449e8a,breathe,hashtag
58bfca7e68f62018da463d99,58bfc90468f62018da4510d2,58bfc7fe68f62018da449e8a,EXPOgram2015,mention
58bfca7e68f62018da463d9a,58bfc90468f62018da4510d2,58bfc7fe68f62018da449e8b,Leonessa1980,mention
58bfca7e68f62018da463d9b,58bfc90468f62018da4510d2,58bfc7fe68f62018da449e8c,davidefilippi,mention
58bfca7e68f62018da463d9c,58bfc90468f62018da4510d2,58bfc7fe68f62018da449e8d,davidefilippi,mention
58bfca7e68f62018da463d9d,58bfc90468f62018da4510d2,58bfc7fe68f62018da449e8e,FollowFriday,hashtag
58bfca7e68f62018da463d9e,58bfc90468f62018da4510d2,58bfc7fe68f62018da449e8e,RainerElisabeth,mention
58bfca7e68f62018da463d9f,58bfc90468f62018da4510d2,58bfc7fe68f62018da449e8e,expoaustria,mention
58bfca7e68f62018da463da0,58bfc90468f62018da4510d2,58bfc7fe68f62018da449e8e,Martini_Tweets,mention
58bfca7e68f62018da463da1,58bfc90468f62018da4510d2,58bfc7fe68f62018da449e8e,OrtoBotanicoPd,mention
58bfca7e68f62018da463da2,58bfc90468f62018da4510d2,58bfc7fe68f62018da449e8f,andreground,mention
58bfca7e68f62018da463da3,58bfc90468f62018da4510d2,58bfc7fe68f62018da449e90,andreground,mention
58bfca7e68f62018da463da4,58bfc90468f62018da4510d2,58bfc7fe68f62018da449e90,AskExpo,mention
58bfca7e68f62018da463da5,58bfc90468f62018da4510d2,58bfc7fe68f62018da449e91,Leonessa1980,mention
58bfca7e68f62018da463da6,58bfc90468f62018da4510d2,58bfc7fe68f62018da449e92,sun,hashtag
58bfca7e68f62018da463da7,58bfc90468f62018da4510d2,58bfc7fe68f62018da449e92,rain,hashtag
58bfca7e68f62018da463da8,58bfc90468f62018da4510d2,58bfc7fe68f62018da449e92,BreatheAustria,hashtag
58bfca7e68f62018da463da9,58bfc90468f62018da4510d2,58bfc7fe68f62018da449e92,AustriaPavilion,hashtag
58bfca7e68f62018da463daa,58bfc90468f62018da4510d2,58bfc7fe68f62018da449e92,Expo2015,hashtag
58bfca7e68f62018da463dab,58bfc90468f62018da4510d2,58bfc7fe68f62018da449e92,ExpoMilano2015,hashtag
58bfca7e68f62018da463dac,58bfc90468f62018da4510d2,58bfc7fe68f62018da449e92,FreshWood,hashtag
58bfca7e68f62018da463dad,58bfc90468f62018da4510d2,58bfc7fe68f62018da449e93,AUSTRIA_IN_IT,mention
58bfca7e68f62018da463dae,58bfc90468f62018da4510d2,58bfc7fe68f62018da449e93,ErtexSolar_BIPV,mention
58bfca7e68f62018da463daf,58bfc90468f62018da4510d2,58bfc7fe68f62018da449e93,expoaustria,mention
58bfca7e68f62018da463db0,58bfc90468f62018da4510d2,58bfc7fe68f62018da449e94,expo,hashtag
58bfca7e68f62018da463db1,58bfc90468f62018da4510d2,58bfc7fe68f62018da449e94,Leonessa1980,mention
58bfca7e68f62018da463db2,58bfc90468f62018da4510d2,58bfc7fe68f62018da449e95,attenzioneagliscalini,hashtag
58bfca7e68f62018da463db3,58bfc90468f62018da4510d2,58bfc7fe68f62018da449e95,_TheWitch_,mention
58bfca7e68f62018da463db4,58bfc90468f62018da4510d2,58bfc7fe68f62018da449e96,expo,hashtag
58bfca7e68f62018da463db5,58bfc90468f62018da4510d2,58bfc7fe68f62018da449e96,austria,hashtag
58bfca7e68f62018da463db6,58bfc90468f62018da4510d2,58bfc7fe68f62018da449e96,bosco,hashtag
58bfca7e68f62018da463db7,58bfc90468f62018da4510d2,58bfc7fe68f62018da449e96,expomilano,hashtag
58bfca7e68f62018da463db8,58bfc90468f62018da4510d2,58bfc7fe68f62018da449e96,nofilter,hashtag
58bfca7e68f62018da463db9,58bfc90468f62018da4510d2,58bfc7fe68f62018da449e96,fo,hashtag
58bfca7e68f62018da463dba,58bfc90468f62018da4510d2,58bfc7fe68f62018da449e96,gofondue,mention
58bfca7e68f62018da463dbb,58bfc90468f62018da4510d2,58bfc7fe68f62018da449e97,breatheaustria,hashtag
58bfca7e68f62018da463dbc,58bfc90468f62018da4510d2,58bfc7fe68f62018da449e97,Expo2015,hashtag
58bfca7e68f62018da463dbd,58bfc90468f62018da4510d2,58bfc7fe68f62018da449e97,AliceKatze,mention
58bfca7e68f62018da463dbe,58bfc90468f62018da4510d2,58bfc7fe68f62018da449e97,Expo2015Milano,mention
58bfca7e68f62018da463dbf,58bfc90468f62018da4510d2,58bfc7fe68f62018da449e98,ExpoMilano2015,hashtag
58bfca7e68f62018da463dc0,58bfc90468f62018da4510d2,58bfc7fe68f62018da449e98,BreatheAustria,hashtag
58bfca7e68f62018da463dc1,58bfc90468f62018da4510d2,58bfc7fe68f62018da449e98,GeorgDiwald,mention
58bfca7e68f62018da463dc2,58bfc90468f62018da4510d2,58bfc7fe68f62018da449e98,expoaustria,mention
58bfca7e68f62018da463dc3,58bfc90468f62018da4510d2,58bfc7fe68f62018da449e99,Austria,hashtag
58bfca7e68f62018da463dc4,58bfc90468f62018da4510d2,58bfc7fe68f62018da449e99,mayayoi,mention
58bfca7e68f62018da463dc5,58bfc90468f62018da4510d2,58bfc7fe68f62018da449e99,expoaustria,mention
58bfca7e68f62018da463dc6,58bfc90468f62018da4510d2,58bfc7fe68f62018da449e9a,austriapavilion,hashtag
58bfca7e68f62018da463dc7,58bfc90468f62018da4510d2,58bfc7fe68f62018da449e9a,expo2015,hashtag
58bfca7e68f62018da463dc8,58bfc90468f62018da4510d2,58bfc7fe68f62018da449e9a,Claudialorux,mention
58bfca7e68f62018da463dc9,58bfc90468f62018da4510d2,58bfc7fe68f62018da449e9a,Expo2015Milano,mention
58bfca7e68f62018da463dca,58bfc90468f62018da4510d2,58bfc7fe68f62018da449e9b,BreatheAustria,hashtag
58bfca7e68f62018da463dcb,58bfc90468f62018da4510d2,58bfc7fe68f62018da449e9b,thankyou,hashtag
58bfca7e68f62018da463dcc,58bfc90468f62018da4510d2,58bfc7fe68f62018da449e9b,ExpoMilano2015,hashtag
58bfca7e68f62018da463dcd,58bfc90468f62018da4510d2,58bfc7fe68f62018da449e9b,expottimisti,hashtag
58bfca7e68f62018da463dce,58bfc90468f62018da4510d2,58bfc7fe68f62018da449e9b,austriapavilion,hashtag
58bfca7e68f62018da463dcf,58bfc90468f62018da4510d2,58bfc7fe68f62018da449e9d,expottimisti,hashtag
58bfca7e68f62018da463dd0,58bfc90468f62018da4510d2,58bfc7fe68f62018da449e9d,ExpoMilano2015,hashtag
58bfca7e68f62018da463dd1,58bfc90468f62018da4510d2,58bfc7fe68f62018da449e9d,BreatheAustria,hashtag
58bfca7e68f62018da463dd2,58bfc90468f62018da4510d2,58bfc7fe68f62018da449e9d,secolourbano,mention
58bfca7e68f62018da463dd3,58bfc90468f62018da4510d2,58bfc7fe68f62018da449e9e,austria,hashtag
58bfca7e68f62018da463dd4,58bfc90468f62018da4510d2,58bfc7fe68f62018da449e9e,expo,hashtag
58bfca7e68f62018da463dd5,58bfc90468f62018da4510d2,58bfc7fe68f62018da449e9e,expo2015,hashtag
58bfca7e68f62018da463dd6,58bfc90468f62018da4510d2,58bfc7fe68f62018da449e9e,milan,hashtag
58bfca7e68f62018da463dd7,58bfc90468f62018da4510d2,58bfc7fe68f62018da449e9e,milano,hashtag
58bfca7e68f62018da463dd8,58bfc90468f62018da4510d2,58bfc7fe68f62018da449e9e,mirror,hashtag
58bfca7e68f62018da463dd9,58bfc90468f62018da4510d2,58bfc7fe68f62018da449e9e,selfie,hashtag
58bfca7e68f62018da463dda,58bfc90468f62018da4510d2,58bfc7fe68f62018da449e9e,jdyshrky,mention
58bfca7e68f62018da463ddb,58bfc90468f62018da4510d2,58bfc7fe68f62018da449e9e,alekickass,mention
58bfca7e68f62018da463ddc,58bfc90468f62018da4510d2,58bfc7fe68f62018da449e9f,Expo2015,hashtag
58bfca7e68f62018da463ddd,58bfc90468f62018da4510d2,58bfc7fe68f62018da449e9f,Austria,hashtag
58bfca7e68f62018da463dde,58bfc90468f62018da4510d2,58bfc7fe68f62018da449e9f,corrieremilano,mention
58bfca7e68f62018da463ddf,58bfc90468f62018da4510d2,58bfc7fe68f62018da449ea0,expo,hashtag
58bfca7e68f62018da463de0,58bfc90468f62018da4510d2,58bfc7fe68f62018da449ea0,expo2015,hashtag
58bfca7e68f62018da463de1,58bfc90468f62018da4510d2,58bfc7fe68f62018da449ea0,milano,hashtag
58bfca7e68f62018da463de2,58bfc90468f62018da4510d2,58bfc7fe68f62018da449ea0,people,hashtag
58bfca7e68f62018da463de3,58bfc90468f62018da4510d2,58bfc7fe68f62018da449ea0,UKpavilion,hashtag
58bfca7e68f62018da463de4,58bfc90468f62018da4510d2,58bfc7fe68f62018da449ea0,Brasilpavilion,hashtag
58bfca7e68f62018da463de5,58bfc90468f62018da4510d2,58bfc7fe68f62018da449ea0,Kazakhstanpavilion,hashtag
58bfca7e68f62018da463de6,58bfc90468f62018da4510d2,58bfc7fe68f62018da449ea0,Austria,hashtag
58bfca7e68f62018da463de7,58bfc90468f62018da4510d2,58bfc7fe68f62018da449ea0,pieroefraphoto,mention
58bfca7e68f62018da463de8,58bfc90468f62018da4510d2,58bfc7fe68f62018da449ea1,expo2015,hashtag
58bfca7e68f62018da463de9,58bfc90468f62018da4510d2,58bfc7fe68f62018da449ea1,expo,hashtag
58bfca7e68f62018da463dea,58bfc90468f62018da4510d2,58bfc7fe68f62018da449ea1,austria,hashtag
58bfca7e68f62018da463deb,58bfc90468f62018da4510d2,58bfc7fe68f62018da449ea1,wood,hashtag
58bfca7e68f62018da463dec,58bfc90468f62018da4510d2,58bfc7fe68f62018da449ea1,life,hashtag
58bfca7e68f62018da463ded,58bfc90468f62018da4510d2,58bfc7fe68f62018da449ea1,followme,hashtag
58bfca7e68f62018da463dee,58bfc90468f62018da4510d2,58bfc7fe68f62018da449ea1,pavilion,hashtag
58bfca7e68f62018da463def,58bfc90468f62018da4510d2,58bfc7fe68f62018da449ea1,graphic,hashtag
58bfca7e68f62018da463df0,58bfc90468f62018da4510d2,58bfc7fe68f62018da449ea1,o2,hashtag
58bfca7e68f62018da463df1,58bfc90468f62018da4510d2,58bfc7fe68f62018da449ea1,vsco,hashtag
58bfca7e68f62018da463df2,58bfc90468f62018da4510d2,58bfc7fe68f62018da449ea1,vscocam,hashtag
58bfca7e68f62018da463df3,58bfc90468f62018da4510d2,58bfc7fe68f62018da449ea1,sabrilu80,mention
58bfca7e68f62018da463df4,58bfc90468f62018da4510d2,58bfc7fe68f62018da449ea2,breatheAustria,hashtag
58bfca7e68f62018da463df5,58bfc90468f62018da4510d2,58bfc7fe68f62018da449ea2,Austria,hashtag
58bfca7e68f62018da463df6,58bfc90468f62018da4510d2,58bfc7fe68f62018da449ea2,Expo2015,hashtag
58bfca7e68f62018da463df7,58bfc90468f62018da4510d2,58bfc7fe68f62018da449ea2,ExpoNight,hashtag
58bfca7e68f62018da463df8,58bfc90468f62018da4510d2,58bfc7fe68f62018da449ea2,Milan,hashtag
58bfca7e68f62018da463df9,58bfc90468f62018da4510d2,58bfc7fe68f62018da449ea2,fede_wOrLdApArT,mention
58bfca7e68f62018da463dfa,58bfc90468f62018da4510d2,58bfc7fe68f62018da449ea4,ExpoAustria,hashtag
58bfca7e68f62018da463dfb,58bfc90468f62018da4510d2,58bfc7fe68f62018da449ea4,mag7gio,hashtag
58bfca7e68f62018da463dfc,58bfc90468f62018da4510d2,58bfc7fe68f62018da449ea4,mag7gio,mention
58bfca7e68f62018da463dfd,58bfc90468f62018da4510d2,58bfc7fe68f62018da449ea4,expoaustria,mention
58bfca7e68f62018da463dfe,58bfc90468f62018da4510d2,58bfc7fe68f62018da449ea5,Expo2015,hashtag
58bfca7e68f62018da463dff,58bfc90468f62018da4510d2,58bfc7fe68f62018da449ea5,myexpo2015,hashtag
58bfca7e68f62018da463e00,58bfc90468f62018da4510d2,58bfc7fe68f62018da449ea5,peopleofexpo,hashtag
58bfca7e68f62018da463e01,58bfc90468f62018da4510d2,58bfc7fe68f62018da449ea5,expottimisti,hashtag
58bfca7e68f62018da463e02,58bfc90468f62018da4510d2,58bfc7fe68f62018da449ea5,AnnalisaP_C,mention
58bfca7e68f62018da463e03,58bfc90468f62018da4510d2,58bfc7fe68f62018da449ea5,expoaustria,mention
58bfca7e68f62018da463e04,58bfc90468f62018da4510d2,58bfc7fe68f62018da449ea5,Expo2015Milano,mention
58bfca7e68f62018da463e05,58bfc90468f62018da4510d2,58bfc7fe68f62018da449ea5,AnnalisaP_C,mention
58bfca7e68f62018da463e06,58bfc90468f62018da4510d2,58bfc7fe68f62018da449ea6,expo2015,hashtag
58bfca7e68f62018da463e07,58bfc90468f62018da4510d2,58bfc7fe68f62018da449ea6,mayayoi,mention
58bfca7e68f62018da463e08,58bfc90468f62018da4510d2,58bfc7fe68f62018da449ea6,expoaustria,mention
58bfca7f68f62018da463e09,58bfc90468f62018da4510d2,58bfc7fe68f62018da449ea7,AskExpo,mention
58bfca7f68f62018da463e0a,58bfc90468f62018da4510d2,58bfc7fe68f62018da449ea7,mag7gio,mention
58bfca7f68f62018da463e0b,58bfc90468f62018da4510d2,58bfc7fe68f62018da449ea8,ExploreExpo2015,hashtag
58bfca7f68f62018da463e0c,58bfc90468f62018da4510d2,58bfc7fe68f62018da449ea8,AustriaPavilion,hashtag
58bfca7f68f62018da463e0d,58bfc90468f62018da4510d2,58bfc7fe68f62018da449ea8,ongreening,mention
58bfca7f68f62018da463e0e,58bfc90468f62018da4510d2,58bfc7fe68f62018da449ea9,Expo2015,hashtag
58bfca7f68f62018da463e0f,58bfc90468f62018da4510d2,58bfc7fe68f62018da449ea9,austriapavilion,hashtag
58bfca7f68f62018da463e10,58bfc90468f62018da4510d2,58bfc7fe68f62018da449ea9,austria,hashtag
58bfca7f68f62018da463e11,58bfc90468f62018da4510d2,58bfc7fe68f62018da449ea9,forest,hashtag
58bfca7f68f62018da463e12,58bfc90468f62018da4510d2,58bfc7fe68f62018da449ea9,coccola_lina,mention
58bfca7f68f62018da463e13,58bfc90468f62018da4510d2,58bfc7fe68f62018da449eaa,austriapavilion,hashtag
58bfca7f68f62018da463e14,58bfc90468f62018da4510d2,58bfc7fe68f62018da449eaa,wood,hashtag
58bfca7f68f62018da463e15,58bfc90468f62018da4510d2,58bfc7fe68f62018da449eaa,breathe,hashtag
58bfca7f68f62018da463e16,58bfc90468f62018da4510d2,58bfc7fe68f62018da449eaa,nature,hashtag
58bfca7f68f62018da463e17,58bfc90468f62018da4510d2,58bfc7fe68f62018da449eaa,milano,hashtag
58bfca7f68f62018da463e18,58bfc90468f62018da4510d2,58bfc7fe68f62018da449eaa,expo2015,hashtag
58bfca7f68f62018da463e19,58bfc90468f62018da4510d2,58bfc7fe68f62018da449eaa,plantpower,hashtag
58bfca7f68f62018da463e1a,58bfc90468f62018da4510d2,58bfc7fe68f62018da449eaa,plan,hashtag
58bfca7f68f62018da463e1b,58bfc90468f62018da4510d2,58bfc7fe68f62018da449eaa,greenpwrmonitor,mention
58bfca7f68f62018da463e1c,58bfc90468f62018da4510d2,58bfc7fe68f62018da449eab,EXPOMilano2015,hashtag
58bfca7f68f62018da463e1d,58bfc90468f62018da4510d2,58bfc7fe68f62018da449eab,expo,hashtag
58bfca7f68f62018da463e1e,58bfc90468f62018da4510d2,58bfc7fe68f62018da449eab,Milan,hashtag
58bfca7f68f62018da463e1f,58bfc90468f62018da4510d2,58bfc7fe68f62018da449eab,Austriapavilion,hashtag
58bfca7f68f62018da463e20,58bfc90468f62018da4510d2,58bfc7fe68f62018da449eab,austria,hashtag
58bfca7f68f62018da463e21,58bfc90468f62018da4510d2,58bfc7fe68f62018da449eab,wegrowair,hashtag
58bfca7f68f62018da463e22,58bfc90468f62018da4510d2,58bfc7fe68f62018da449eab,greenpwrmonitor,mention
58bfca7f68f62018da463e23,58bfc90468f62018da4510d2,58bfc7fe68f62018da449eac,fatfaddist,mention
58bfca7f68f62018da463e24,58bfc90468f62018da4510d2,58bfc7fe68f62018da449ead,smartweek_it,mention
58bfca7f68f62018da463e25,58bfc90468f62018da4510d2,58bfc7fe68f62018da449eae,Expo2015,hashtag
58bfca7f68f62018da463e26,58bfc90468f62018da4510d2,58bfc7fe68f62018da449eae,SharonBYang,mention
58bfca7f68f62018da463e27,58bfc90468f62018da4510d2,58bfc7fe68f62018da449eae,expoaustria,mention
58bfca7f68f62018da463e28,58bfc90468f62018da4510d2,58bfc7fe68f62018da449eaf,DelilahBaggins,mention
58bfca7f68f62018da463e29,58bfc90468f62018da4510d2,58bfc7fe68f62018da449eaf,AskExpo,mention
58bfca7f68f62018da463e2a,58bfc90468f62018da45108a,58bfc80068f62018da449eca,YouTube,mention
58bfca7f68f62018da463e2b,58bfc90468f62018da45108a,58bfc80068f62018da449ecb,Russia,mention
58bfca7f68f62018da463e2c,58bfc90468f62018da45108a,58bfc80068f62018da449ecb,RussiaExpo2015,mention
58bfca7f68f62018da463e2d,58bfc90468f62018da45108a,58bfc80068f62018da449ecc,Expo2015Milano,mention
58bfca7f68f62018da463e2e,58bfc90468f62018da45108a,58bfc80068f62018da449ecc,RussiaExpo2015,mention
58bfca7f68f62018da463e2f,58bfc90468f62018da45108a,58bfc80068f62018da449ecd,Lavrov,hashtag
58bfca7f68f62018da463e30,58bfc90468f62018da45108a,58bfc80068f62018da449ecd,mfa_russia,mention
58bfca7f68f62018da463e31,58bfc90468f62018da45108a,58bfc80068f62018da449ece,Expo2015,hashtag
58bfca7f68f62018da463e32,58bfc90468f62018da45108a,58bfc80068f62018da449ece,Expo2015Milano,mention
58bfca7f68f62018da463e33,58bfc90468f62018da45108a,58bfc80068f62018da449ed3,Expo2015,hashtag
58bfca7f68f62018da463e34,58bfc90468f62018da45108a,58bfc80068f62018da449ed4,Expo2015,hashtag
58bfca7f68f62018da463e35,58bfc90468f62018da45108a,58bfc80068f62018da449ed4,Expo2015Milano,mention
58bfca7f68f62018da463e36,58bfc90468f62018da45108a,58bfc80068f62018da449ed4,Piccolo_Teatro,mention
58bfca7f68f62018da463e37,58bfc90468f62018da45108a,58bfc80068f62018da449ed6,Mishka,hashtag
58bfca7f68f62018da463e38,58bfc90468f62018da45108a,58bfc80068f62018da449ed7,YouTube,mention
58bfca7f68f62018da463e39,58bfc90468f62018da45108a,58bfc80068f62018da449ed8,expomilano2015,hashtag
58bfca7f68f62018da463e3a,58bfc90468f62018da45108a,58bfc80068f62018da449ed8,BIE,hashtag
58bfca7f68f62018da463e3b,58bfc90468f62018da45108a,58bfc80068f62018da449ed8,Russia,hashtag
58bfca7f68f62018da463e3c,58bfc90468f62018da45108a,58bfc80068f62018da449ed8,evutkin,mention
58bfca7f68f62018da463e3d,58bfc90468f62018da45108a,58bfc80068f62018da449ed8,Expo2015Milano,mention
58bfca7f68f62018da463e3e,58bfc90468f62018da45108a,58bfc80068f62018da449ed8,RussiaExpo2015,mention
58bfca7f68f62018da463e3f,58bfc90468f62018da45108a,58bfc80068f62018da449ed9,YouTube,mention
58bfca7f68f62018da463e40,58bfc90468f62018da45108a,58bfc80068f62018da449eda,Expo2015,hashtag
58bfca7f68f62018da463e41,58bfc90468f62018da45108a,58bfc80068f62018da449eda,Expo2015Milano,mention
58bfca7f68f62018da463e42,58bfc90468f62018da45108a,58bfc80068f62018da449edb,Expo2015,hashtag
58bfca7f68f62018da463e43,58bfc90468f62018da45108a,58bfc80068f62018da449edb,Expo2015Milano,mention
58bfca7f68f62018da463e44,58bfc90468f62018da45108a,58bfc80068f62018da449edb,bieparis,mention
58bfca7f68f62018da463e45,58bfc90468f62018da45108a,58bfc80068f62018da449edc,Mishka,hashtag
58bfca7f68f62018da463e46,58bfc90468f62018da45108a,58bfc80068f62018da449edc,FranceExpo2015,mention
58bfca7f68f62018da463e47,58bfc90468f62018da45108a,58bfc80068f62018da449edc,Expo2015Milano,mention
58bfca7f68f62018da463e48,58bfc90468f62018da45108a,58bfc80068f62018da449edd,RussiaExpo2015,hashtag
58bfca7f68f62018da463e49,58bfc90468f62018da45108a,58bfc80068f62018da449edd,Mishka,hashtag
58bfca7f68f62018da463e4a,58bfc90468f62018da45108a,58bfc80068f62018da449edd,hive,hashtag
58bfca7f68f62018da463e4b,58bfc90468f62018da45108a,58bfc80068f62018da449edd,Expo2015Milano,mention
58bfca7f68f62018da463e4c,58bfc90468f62018da45108a,58bfc80068f62018da449ede,RussianPavilion,hashtag
58bfca7f68f62018da463e4d,58bfc90468f62018da45108a,58bfc80068f62018da449ede,expo2015,hashtag
58bfca7f68f62018da463e4e,58bfc90468f62018da45108a,58bfc80068f62018da449ede,russiaexpo2015,hashtag
58bfca7f68f62018da463e4f,58bfc90468f62018da45108a,58bfc80068f62018da449ede,Expo2015Milano,mention
58bfca7f68f62018da463e50,58bfc90468f62018da45108a,58bfc80068f62018da449edf,Amb_Yakovenko,mention
58bfca7f68f62018da463e51,58bfc90468f62018da45108a,58bfc80068f62018da449edf,Expo2015Milano,mention
58bfca7f68f62018da463e52,58bfc90468f62018da45108a,58bfc80068f62018da449ee0,PadiglioneRussia,hashtag
58bfca7f68f62018da463e53,58bfc90468f62018da45108a,58bfc80068f62018da449ee0,Expo,hashtag
58bfca7f68f62018da463e54,58bfc90468f62018da45108a,58bfc80068f62018da449ee0,ExpoMilano2015,hashtag
58bfca7f68f62018da463e55,58bfc90468f62018da45108a,58bfc80068f62018da449ee1,Expo2015,hashtag
58bfca7f68f62018da463e56,58bfc90468f62018da45108a,58bfc80068f62018da449ee1,rbth_it,mention
58bfca7f68f62018da463e57,58bfc90468f62018da45108a,58bfc80068f62018da449ee2,russiaexpo2015,hashtag
58bfca7f68f62018da463e58,58bfc90468f62018da45108a,58bfc80068f62018da449ee2,Mishka,hashtag
58bfca7f68f62018da463e59,58bfc90468f62018da45108a,58bfc80068f62018da449ee2,Expo2015Milano,mention
58bfca7f68f62018da463e5a,58bfc90468f62018da45108a,58bfc80068f62018da449ee3,RussianPavilion,hashtag
58bfca7f68f62018da463e5b,58bfc90468f62018da45108a,58bfc80068f62018da449ee3,lastday,hashtag
58bfca7f68f62018da463e5c,58bfc90468f62018da45108a,58bfc80068f62018da449ee3,expo2015,hashtag
58bfca7f68f62018da463e5d,58bfc90468f62018da45108a,58bfc80068f62018da449ee3,Expo2015Milano,mention
58bfca7f68f62018da463e5e,58bfc90468f62018da45108a,58bfc80068f62018da449ee3,bieparis,mention
58bfca7f68f62018da463e5f,58bfc90468f62018da45108a,58bfc80068f62018da449ee4,GoodMorning,hashtag
58bfca7f68f62018da463e60,58bfc90468f62018da45108a,58bfc80068f62018da449ee4,31october2015,hashtag
58bfca7f68f62018da463e61,58bfc90468f62018da45108a,58bfc80068f62018da449ee4,Expo2015Milano,mention
58bfca7f68f62018da463e62,58bfc90468f62018da45108a,58bfc80068f62018da449ee5,expomilano2015,hashtag
58bfca7f68f62018da463e63,58bfc90468f62018da45108a,58bfc80068f62018da449ee5,BIE,hashtag
58bfca7f68f62018da463e64,58bfc90468f62018da45108a,58bfc80068f62018da449ee5,Russia,hashtag
58bfca7f68f62018da463e65,58bfc90468f62018da45108a,58bfc80068f62018da449ee5,evutkin,mention
58bfca7f68f62018da463e66,58bfc90468f62018da45108a,58bfc80068f62018da449ee5,Expo2015Milano,mention
58bfca7f68f62018da463e67,58bfc90468f62018da45108a,58bfc80068f62018da449ee5,RussiaExpo2015,mention
58bfca7f68f62018da463e68,58bfc90468f62018da45108a,58bfc80068f62018da449ee6,Expo2015Milano,mention
58bfca7f68f62018da463e69,58bfc90468f62018da45108a,58bfc80068f62018da449ee7,russiaexpo2015,hashtag
58bfca7f68f62018da463e6a,58bfc90468f62018da45108a,58bfc80068f62018da449ee7,bieparis,mention
58bfca7f68f62018da463e6b,58bfc90468f62018da45108a,58bfc80068f62018da449ee7,koreapavilion20,mention
58bfca7f68f62018da463e6c,58bfc90468f62018da45108a,58bfc80068f62018da449ee7,Expo2015Milano,mention
58bfca7f68f62018da463e6d,58bfc90468f62018da45108a,58bfc80068f62018da449ee8,MMusConsulting,mention
58bfca7f68f62018da463e6e,58bfc90468f62018da45108a,58bfc80068f62018da449ee8,RussiaExpo2015,mention
58bfca7f68f62018da463e6f,58bfc90468f62018da45108a,58bfc80068f62018da449ee8,bieparis,mention
58bfca7f68f62018da463e70,58bfc90468f62018da45108a,58bfc80068f62018da449ee8,Expo2015Milano,mention
58bfca7f68f62018da463e71,58bfc90468f62018da45108a,58bfc80068f62018da449ee9,UnicreditPavilion,hashtag
58bfca7f68f62018da463e72,58bfc90468f62018da45108a,58bfc80068f62018da449ee9,Milan,hashtag
58bfca7f68f62018da463e73,58bfc90468f62018da45108a,58bfc80068f62018da449ee9,classeditori,hashtag
58bfca7f68f62018da463e74,58bfc90468f62018da45108a,58bfc80068f62018da449ee9,RussiaExpo2015,mention
58bfca7f68f62018da463e75,58bfc90468f62018da45108a,58bfc80068f62018da449eea,RussianPavilion,hashtag
58bfca7f68f62018da463e76,58bfc90468f62018da45108a,58bfc80068f62018da449eea,bronze,hashtag
58bfca7f68f62018da463e77,58bfc90468f62018da45108a,58bfc80068f62018da449eea,exhibition,hashtag
58bfca7f68f62018da463e78,58bfc90468f62018da45108a,58bfc80068f62018da449eea,participantsawards,hashtag
58bfca7f68f62018da463e79,58bfc90468f62018da45108a,58bfc80068f62018da449eea,bieparis,mention
58bfca7f68f62018da463e7a,58bfc90468f62018da45108a,58bfc80068f62018da449eea,Expo2015Milano,mention
58bfca7f68f62018da463e7b,58bfc90468f62018da45108a,58bfc80068f62018da449eeb,awardceremony,hashtag
58bfca7f68f62018da463e7c,58bfc90468f62018da45108a,58bfc80068f62018da449eeb,bieparis,mention
58bfca7f68f62018da463e7d,58bfc90468f62018da45108a,58bfc80068f62018da449eeb,Expo2015Milano,mention
58bfca7f68f62018da463e7e,58bfc90468f62018da45108a,58bfc80068f62018da449eed,Decumano,hashtag
58bfca7f68f62018da463e7f,58bfc90468f62018da45108a,58bfc80068f62018da449eed,Expo2015,hashtag
58bfca7f68f62018da463e80,58bfc90468f62018da45108a,58bfc80068f62018da449eed,Pexo,hashtag
58bfca7f68f62018da463e81,58bfc90468f62018da45108a,58bfc80068f62018da449eed,MyPexo,hashtag
58bfca7f68f62018da463e82,58bfc90468f62018da45108a,58bfc80068f62018da449eed,Pexo2015,mention
58bfca7f68f62018da463e83,58bfc90468f62018da45108a,58bfc80068f62018da449eed,RussiaExpo2015,mention
58bfca7f68f62018da463e84,58bfc90468f62018da45108a,58bfc80068f62018da449eee,Expo2015,hashtag
58bfca7f68f62018da463e85,58bfc90468f62018da45108a,58bfc80068f62018da449eee,Expo2015,hashtag
58bfca7f68f62018da463e86,58bfc90468f62018da45108a,58bfc80068f62018da449eee,Milano,hashtag
58bfca7f68f62018da463e87,58bfc90468f62018da45108a,58bfc80068f62018da449eee,Pexo,hashtag
58bfca7f68f62018da463e88,58bfc90468f62018da45108a,58bfc80068f62018da449eee,MyExpo,hashtag
58bfca7f68f62018da463e89,58bfc90468f62018da45108a,58bfc80068f62018da449eee,Pexo2015,mention
58bfca7f68f62018da463e8a,58bfc90468f62018da45108a,58bfc80068f62018da449eee,RussiaExpo2015,mention
58bfca7f68f62018da463e8b,58bfc90468f62018da45108a,58bfc80068f62018da449eef,Expo2015Milano,mention
58bfca7f68f62018da463e8c,58bfc90468f62018da45108a,58bfc80068f62018da449ef0,YouTube,mention
58bfca7f68f62018da463e8d,58bfc90468f62018da45108a,58bfc80068f62018da449ef1,RussianPavilion,hashtag
58bfca7f68f62018da463e8e,58bfc90468f62018da45108a,58bfc80068f62018da449ef1,Expo,hashtag
58bfca7f68f62018da463e8f,58bfc90468f62018da45108a,58bfc80068f62018da449ef1,RSIonline,mention
58bfca7f68f62018da463e90,58bfc90468f62018da45108a,58bfc80068f62018da449ef1,RussiaExpo2015,mention
58bfca7f68f62018da463e91,58bfc90468f62018da45108a,58bfc80068f62018da449ef1,MariaYudina,mention
58bfca7f68f62018da463e92,58bfc90468f62018da45108a,58bfc80068f62018da449ef2,Mishka,hashtag
58bfca7f68f62018da463e93,58bfc90468f62018da45108a,58bfc80068f62018da449ef2,beautiful,hashtag
58bfca7f68f62018da463e94,58bfc90468f62018da45108a,58bfc80068f62018da449ef2,expo2015,hashtag
58bfca7f68f62018da463e95,58bfc90468f62018da45108a,58bfc80068f62018da449ef2,mishkaworldtour,hashtag
58bfca7f68f62018da463e96,58bfc90468f62018da45108a,58bfc80068f62018da449ef2,russiaexpo2015,hashtag
58bfca7f68f62018da463e97,58bfc90468f62018da45108a,58bfc80068f62018da449ef2,bhpavilion2015,mention
58bfca7f68f62018da463e98,58bfc90468f62018da45108a,58bfc80068f62018da449ef2,Expo2015Milano,mention
58bfca7f68f62018da463e99,58bfc90468f62018da45108a,58bfc80068f62018da449ef3,selfie,hashtag
58bfca7f68f62018da463e9a,58bfc90468f62018da45108a,58bfc80068f62018da449ef3,Mishka,hashtag
58bfca7f68f62018da463e9b,58bfc90468f62018da45108a,58bfc80068f62018da449ef3,Expo2015Milano,mention
58bfca7f68f62018da463e9c,58bfc90468f62018da45108a,58bfc80068f62018da449ef3,RussiaExpo2015,mention
58bfca7f68f62018da463e9d,58bfc90468f62018da45108a,58bfc80068f62018da449ef4,mysterious,hashtag
58bfca7f68f62018da463e9e,58bfc90468f62018da45108a,58bfc80068f62018da449ef4,fog,hashtag
58bfca7f68f62018da463e9f,58bfc90468f62018da45108a,58bfc80068f62018da449ef4,buongiorno,hashtag
58bfca7f68f62018da463ea0,58bfc90468f62018da45108a,58bfc80068f62018da449ef4,30october,hashtag
58bfca7f68f62018da463ea1,58bfc90468f62018da45108a,58bfc80068f62018da449ef4,Expo2015Milano,mention
58bfca7f68f62018da463ea2,58bfc90468f62018da45108a,58bfc80068f62018da449ef5,mishka,hashtag
58bfca7f68f62018da463ea3,58bfc90468f62018da45108a,58bfc80068f62018da449ef5,exporussia,hashtag
58bfca7f68f62018da463ea4,58bfc90468f62018da45108a,58bfc80068f62018da449ef5,exporussia2015,hashtag
58bfca7f68f62018da463ea5,58bfc90468f62018da45108a,58bfc80068f62018da449ef5,russia,hashtag
58bfca7f68f62018da463ea6,58bfc90468f62018da45108a,58bfc80068f62018da449ef5,pavilion,hashtag
58bfca7f68f62018da463ea7,58bfc90468f62018da45108a,58bfc80068f62018da449ef5,lemog3d,mention
58bfca7f68f62018da463ea8,58bfc90468f62018da45108a,58bfc80068f62018da449ef5,RussiaExpo2015,mention
58bfca7f68f62018da463ea9,58bfc90468f62018da45108a,58bfc80068f62018da449ef6,YouTube,mention
58bfca7f68f62018da463eaa,58bfc90468f62018da45108a,58bfc80068f62018da449ef7,Expo2015,hashtag
58bfca7f68f62018da463eab,58bfc90468f62018da45108a,58bfc80068f62018da449ef7,Estonia,hashtag
58bfca7f68f62018da463eac,58bfc90468f62018da45108a,58bfc80068f62018da449ef7,Qatar,hashtag
58bfca7f68f62018da463ead,58bfc90468f62018da45108a,58bfc80068f62018da449ef7,Russia,hashtag
58bfca7f68f62018da463eae,58bfc90468f62018da45108a,58bfc80068f62018da449ef7,RaiExpo,mention
58bfca7f68f62018da463eaf,58bfc90468f62018da45108a,58bfc80068f62018da449ef8,SPIEF2016,hashtag
58bfca7f68f62018da463eb0,58bfc90468f62018da45108a,58bfc80068f62018da449ef8,RussianPavilion,hashtag
58bfca7f68f62018da463eb1,58bfc90468f62018da45108a,58bfc80068f62018da449ef8,SPIEF,mention
58bfca7f68f62018da463eb2,58bfc90468f62018da45108a,58bfc80068f62018da449ef8,Expo2015Milano,mention
58bfca7f68f62018da463eb3,58bfc90468f62018da45108a,58bfc80068f62018da449ef9,YouTube,mention
58bfca7f68f62018da463eb4,58bfc90468f62018da45108a,58bfc80068f62018da449efa,BrunellaBi,mention
58bfca7f68f62018da463eb5,58bfc90468f62018da45108a,58bfc80068f62018da449efa,Expo2015Milano,mention
58bfca7f68f62018da463eb6,58bfc90468f62018da45108a,58bfc80068f62018da449efa,RussiaExpo2015,mention
58bfca7f68f62018da463eb7,58bfc90468f62018da45108a,58bfc80068f62018da449efb,RussianPavilion,hashtag
58bfca7f68f62018da463eb8,58bfc90468f62018da45108a,58bfc80068f62018da449efb,SPIEF2016,hashtag
58bfca7f68f62018da463eb9,58bfc90468f62018da45108a,58bfc80068f62018da449efb,Expo2015Milano,mention
58bfca7f68f62018da463eba,58bfc90468f62018da45108a,58bfc80068f62018da449efb,SPIEF,mention
58bfca7f68f62018da463ebb,58bfc90468f62018da45108a,58bfc80068f62018da449efc,Mishka,hashtag
58bfca7f68f62018da463ebc,58bfc90468f62018da45108a,58bfc80068f62018da449efc,RussiaExpo2015,hashtag
58bfca7f68f62018da463ebd,58bfc90468f62018da45108a,58bfc80068f62018da449efc,Myexpo2015,hashtag
58bfca7f68f62018da463ebe,58bfc90468f62018da45108a,58bfc80068f62018da449efc,Expo2015,hashtag
58bfca7f68f62018da463ebf,58bfc90468f62018da45108a,58bfc80068f62018da449efc,marcoRecorder,mention
58bfca7f68f62018da463ec0,58bfc90468f62018da45108a,58bfc80068f62018da449efc,RussiaExpo2015,mention
58bfca7f68f62018da463ec1,58bfc90468f62018da45108a,58bfc80068f62018da449efd,lovely,hashtag
58bfca7f68f62018da463ec2,58bfc90468f62018da45108a,58bfc80068f62018da449efd,bee,hashtag
58bfca7f68f62018da463ec3,58bfc90468f62018da45108a,58bfc80068f62018da449efd,russiaexpo2015,hashtag
58bfca7f68f62018da463ec4,58bfc90468f62018da45108a,58bfc80068f62018da449efe,Russia,hashtag
58bfca7f68f62018da463ec5,58bfc90468f62018da45108a,58bfc80068f62018da449efe,Expo2015,hashtag
58bfca7f68f62018da463ec6,58bfc90468f62018da45108a,58bfc80068f62018da449efe,4expo,mention
58bfca7f68f62018da463ec7,58bfc90468f62018da45108a,58bfc80068f62018da449eff,Russia,hashtag
58bfca7f68f62018da463ec8,58bfc90468f62018da45108a,58bfc80068f62018da449eff,rbth_it,mention
58bfca7f68f62018da463ec9,58bfc90468f62018da45108a,58bfc80068f62018da449eff,RussiaExpo2015,mention
58bfca7f68f62018da463eca,58bfc90468f62018da45108a,58bfc80068f62018da449eff,Expo2015Milano,mention
58bfca7f68f62018da463ecb,58bfc90468f62018da45108a,58bfc80068f62018da449f00,tavoladeglielementi,hashtag
58bfca7f68f62018da463ecc,58bfc90468f62018da45108a,58bfc80068f62018da449f00,f_logli,mention
58bfca7f68f62018da463ecd,58bfc90468f62018da45108a,58bfc80068f62018da449f00,RussiaExpo2015,mention
58bfca7f68f62018da463ece,58bfc90468f62018da45108a,58bfc80068f62018da449f01,russia,hashtag
58bfca7f68f62018da463ecf,58bfc90468f62018da45108a,58bfc80068f62018da449f01,expo,hashtag
58bfca7f68f62018da463ed0,58bfc90468f62018da45108a,58bfc80068f62018da449f01,expottimisti,hashtag
58bfca7f68f62018da463ed1,58bfc90468f62018da45108a,58bfc80068f62018da449f01,Milano,hashtag
58bfca7f68f62018da463ed2,58bfc90468f62018da45108a,58bfc80068f62018da449f01,Milan,hashtag
58bfca7f68f62018da463ed3,58bfc90468f62018da45108a,58bfc80068f62018da449f01,Italy,hashtag
58bfca7f68f62018da463ed4,58bfc90468f62018da45108a,58bfc80068f62018da449f01,travel,hashtag
58bfca7f68f62018da463ed5,58bfc90468f62018da45108a,58bfc80068f62018da449f01,makeculture_it,mention
58bfca7f68f62018da463ed6,58bfc90468f62018da45108a,58bfc80068f62018da449f01,RussiaExpo2015,mention
58bfca7f68f62018da463ed7,58bfc90468f62018da45108a,58bfc80068f62018da449f01,Expo2015Milano,mention
58bfca7f68f62018da463ed8,58bfc90468f62018da45108a,58bfc80068f62018da449f01,rusembitaly,mention
58bfca7f68f62018da463ed9,58bfc90468f62018da45108a,58bfc80068f62018da449f02,russiaexpo2015,hashtag
58bfca7f68f62018da463eda,58bfc90468f62018da45108a,58bfc80068f62018da449f02,expo2015,hashtag
58bfca7f68f62018da463edb,58bfc90468f62018da45108a,58bfc80068f62018da449f02,eupavilion,hashtag
58bfca7f68f62018da463edc,58bfc90468f62018da45108a,58bfc80068f62018da449f03,porridge,hashtag
58bfca7f68f62018da463edd,58bfc90468f62018da45108a,58bfc80068f62018da449f03,cowberry,hashtag
58bfca7f68f62018da463ede,58bfc90468f62018da45108a,58bfc80068f62018da449f04,Milanodascoprir,mention
58bfca7f68f62018da463edf,58bfc90468f62018da45108a,58bfc80068f62018da449f04,RussiaExpo2015,mention
58bfca7f68f62018da463ee0,58bfc90468f62018da45108a,58bfc80068f62018da449f05,russiaexpo2015,hashtag
58bfca7f68f62018da463ee1,58bfc90468f62018da45108a,58bfc80068f62018da449f05,Expo2015Milano,mention
58bfca7f68f62018da463ee2,58bfc90468f62018da45108a,58bfc80068f62018da449f06,NewsExpoMi2015,mention
58bfca7f68f62018da463ee3,58bfc90468f62018da45108a,58bfc80068f62018da449f06,Manturov_Denis,mention
58bfca7f68f62018da463ee4,58bfc90468f62018da45108a,58bfc80068f62018da449f06,RussiaExpo2015,mention
58bfca7f68f62018da463ee5,58bfc90468f62018da45108a,58bfc80068f62018da449f06,Expo2015Milano,mention
58bfca7f68f62018da463ee6,58bfc90468f62018da45108a,58bfc80068f62018da449f07,expomilano2015,hashtag
58bfca7f68f62018da463ee7,58bfc90468f62018da45108a,58bfc80068f62018da449f07,mostra,hashtag
58bfca7f68f62018da463ee8,58bfc90468f62018da45108a,58bfc80068f62018da449f07,Romanoff,hashtag
58bfca7f68f62018da463ee9,58bfc90468f62018da45108a,58bfc80068f62018da449f07,evutkin,mention
58bfca7f68f62018da463eea,58bfc90468f62018da45108a,58bfc80068f62018da449f07,Expo2015Milano,mention
58bfca7f68f62018da463eeb,58bfc90468f62018da45108a,58bfc80068f62018da449f07,RussiaExpo2015,mention
58bfca7f68f62018da463eec,58bfc90468f62018da45108a,58bfc80068f62018da449f08,H2O,hashtag
58bfca7f68f62018da463eed,58bfc90468f62018da45108a,58bfc80068f62018da449f08,mendeleev,hashtag
58bfca7f68f62018da463eee,58bfc90468f62018da45108a,58bfc80068f62018da449f08,chemistry,hashtag
58bfca7f68f62018da463eef,58bfc90468f62018da45108a,58bfc80068f62018da449f08,research,hashtag
58bfca7f68f62018da463ef0,58bfc90468f62018da45108a,58bfc80068f62018da449f08,MapelliMartina,mention
58bfca7f68f62018da463ef1,58bfc90468f62018da45108a,58bfc80068f62018da449f08,RussiaExpo2015,mention
58bfca7f68f62018da463ef2,58bfc90468f62018da45108a,58bfc80068f62018da449f08,Expo2015Milano,mention
58bfca7f68f62018da463ef3,58bfc90468f62018da45108a,58bfc80068f62018da449f09,NextAsset,mention
58bfca7f68f62018da463ef4,58bfc90468f62018da45108a,58bfc80068f62018da449f09,Expo2015Milano,mention
58bfca7f68f62018da463ef5,58bfc90468f62018da45108a,58bfc80068f62018da449f09,RussiaExpo2015,mention
58bfca7f68f62018da463ef6,58bfc90468f62018da45108a,58bfc80068f62018da449f0a,russianpavilion,hashtag
58bfca7f68f62018da463ef7,58bfc90468f62018da45108a,58bfc80068f62018da449f0a,expo2015,hashtag
58bfca7f68f62018da463ef8,58bfc90468f62018da45108a,58bfc80068f62018da449f0a,ilariadefilippo,mention
58bfca7f68f62018da463ef9,58bfc90468f62018da45108a,58bfc80068f62018da449f0b,Expo2015,hashtag
58bfca7f68f62018da463efa,58bfc90468f62018da45108a,58bfc80068f62018da449f0b,MyExpo2015,hashtag
58bfca7f68f62018da463efb,58bfc90468f62018da45108a,58bfc80068f62018da449f0b,Peopleofexpo,hashtag
58bfca7f68f62018da463efc,58bfc90468f62018da45108a,58bfc80068f62018da449f0b,marcoRecorder,mention
58bfca7f68f62018da463efd,58bfc90468f62018da45108a,58bfc80068f62018da449f0b,Miguelthecote,mention
58bfca7f68f62018da463efe,58bfc90468f62018da45108a,58bfc80068f62018da449f0b,RussiaExpo2015,mention
58bfca7f68f62018da463eff,58bfc90468f62018da45108a,58bfc80068f62018da449f0c,russiaexpo2015,hashtag
58bfca7f68f62018da463f00,58bfc90468f62018da45108a,58bfc80068f62018da449f0c,Repost,hashtag
58bfca7f68f62018da463f01,58bfc90468f62018da45108a,58bfc80068f62018da449f0c,Ellade_,mention
58bfca7f68f62018da463f02,58bfc90468f62018da45108a,58bfc80068f62018da449f0d,Milanodascoprir,mention
58bfca7f68f62018da463f03,58bfc90468f62018da45108a,58bfc80068f62018da449f0d,RussiaExpo2015,mention
58bfca7f68f62018da463f04,58bfc90468f62018da45108a,58bfc80068f62018da449f0e,russianpavilion,hashtag
58bfca7f68f62018da463f05,58bfc90468f62018da45108a,58bfc80068f62018da449f0e,expo2015,hashtag
58bfca7f68f62018da463f06,58bfc90468f62018da45108a,58bfc80068f62018da449f0e,ilariadefilippo,mention
58bfca7f68f62018da463f07,58bfc90468f62018da45108a,58bfc80068f62018da449f0e,RussiaExpo2015,mention
58bfca7f68f62018da463f08,58bfc90468f62018da45108a,58bfc80068f62018da449f0f,russianpavilion,hashtag
58bfca7f68f62018da463f09,58bfc90468f62018da45108a,58bfc80068f62018da449f0f,Expo2015,hashtag
58bfca7f68f62018da463f0a,58bfc90468f62018da45108a,58bfc80068f62018da449f0f,ilariadefilippo,mention
58bfca7f68f62018da463f0b,58bfc90468f62018da45108a,58bfc80068f62018da449f10,russiaexpo2015,hashtag
58bfca7f68f62018da463f0c,58bfc90468f62018da45108a,58bfc80068f62018da449f11,lastchance,hashtag
58bfca7f68f62018da463f0d,58bfc90468f62018da45108a,58bfc80068f62018da449f11,familyphoto,hashtag
58bfca7f68f62018da463f0e,58bfc90468f62018da45108a,58bfc80068f62018da449f11,mascot,hashtag
58bfca7f68f62018da463f0f,58bfc90468f62018da45108a,58bfc80068f62018da449f11,RussianPavilion,hashtag
58bfca7f68f62018da463f10,58bfc90468f62018da45108a,58bfc80068f62018da449f12,PadiglioneRussia,hashtag
58bfca7f68f62018da463f11,58bfc90468f62018da45108a,58bfc80068f62018da449f12,Expo2015Milano,mention
58bfca7f68f62018da463f12,58bfc90468f62018da45108a,58bfc80068f62018da449f13,RussiaExpo2015,hashtag
58bfca7f68f62018da463f13,58bfc90468f62018da45108a,58bfc80068f62018da449f13,AskExpo,mention
58bfca7f68f62018da463f14,58bfc90468f62018da45108a,58bfc80068f62018da449f13,Expo2015Events,mention
58bfca7f68f62018da463f15,58bfc90468f62018da45108a,58bfc80068f62018da449f14,RussiaExpo2015,hashtag
58bfca7f68f62018da463f16,58bfc90468f62018da45108a,58bfc80068f62018da449f14,PadiglioneRussia,hashtag
58bfca7f68f62018da463f17,58bfc90468f62018da45108a,58bfc80068f62018da449f14,ExpoMilano2015,hashtag
58bfca7f68f62018da463f18,58bfc90468f62018da45108a,58bfc80068f62018da449f15,RussianPavilion,hashtag
58bfca7f68f62018da463f19,58bfc90468f62018da45108a,58bfc80068f62018da449f15,Mishka,hashtag
58bfca7f68f62018da463f1a,58bfc90468f62018da45108a,58bfc80068f62018da449f15,Expo2015Milano,mention
58bfca7f68f62018da463f1b,58bfc90468f62018da45108a,58bfc80068f62018da449f16,RussiaNews,hashtag
58bfca7f68f62018da463f1c,58bfc90468f62018da45108a,58bfc80068f62018da449f16,PadiglioneRussia,hashtag
58bfca7f68f62018da463f1d,58bfc90468f62018da45108a,58bfc80068f62018da449f16,RussiaExpo2015,hashtag
58bfca7f68f62018da463f1e,58bfc90468f62018da45108a,58bfc80068f62018da449f16,ExpoMilano2015,hashtag
58bfca7f68f62018da463f1f,58bfc90468f62018da45108a,58bfc80068f62018da449f16,Milan,hashtag
58bfca7f68f62018da463f20,58bfc90468f62018da45108a,58bfc80068f62018da449f17,RussiaExpo2015,hashtag
58bfca7f68f62018da463f21,58bfc90468f62018da45108a,58bfc80068f62018da449f18,dianacomari,mention
58bfca7f68f62018da463f22,58bfc90468f62018da45108a,58bfc80068f62018da449f19,RussiaExpo2015,hashtag
58bfca7f68f62018da463f23,58bfc90468f62018da45108a,58bfc80068f62018da449f19,Expo,hashtag
58bfca7f68f62018da463f24,58bfc90468f62018da45108a,58bfc80068f62018da449f19,TerrazzaRussa,hashtag
58bfca7f68f62018da463f25,58bfc90468f62018da45108a,58bfc80068f62018da449f1a,RussianPavilion,hashtag
58bfca7f68f62018da463f26,58bfc90468f62018da45108a,58bfc80068f62018da449f1a,RussiaExpo2015,hashtag
58bfca7f68f62018da463f27,58bfc90468f62018da45108a,58bfc80068f62018da449f1a,queue,hashtag
58bfca7f68f62018da463f28,58bfc90468f62018da45108a,58bfc80068f62018da449f1a,ExpoMilano2015,hashtag
58bfca7f68f62018da463f29,58bfc90468f62018da45108a,58bfc80068f62018da449f1b,corri911,mention
58bfca7f68f62018da463f2a,58bfc90468f62018da45108a,58bfc80068f62018da449f1b,RussiaExpo2015,mention
58bfca7f68f62018da463f2b,58bfc90468f62018da45108a,58bfc80068f62018da449f1b,Expo2015Milano,mention
58bfca7f68f62018da463f2c,58bfc90468f62018da45108a,58bfc80068f62018da449f1c,expo,hashtag
58bfca7f68f62018da463f2d,58bfc90468f62018da45108a,58bfc80068f62018da449f1c,expo2015,hashtag
58bfca7f68f62018da463f2e,58bfc90468f62018da45108a,58bfc80068f62018da449f1c,Russia,hashtag
58bfca7f68f62018da463f2f,58bfc90468f62018da45108a,58bfc80068f62018da449f1c,mokogoes,mention
58bfca7f68f62018da463f30,58bfc90468f62018da45108a,58bfc80068f62018da449f1c,SimoJ,mention
58bfca7f68f62018da463f31,58bfc90468f62018da45108a,58bfc80068f62018da449f1d,russianpavilion,hashtag
58bfca7f68f62018da463f32,58bfc90468f62018da45108a,58bfc80068f62018da449f1d,expo2015milano,hashtag
58bfca7f68f62018da463f33,58bfc90468f62018da45108a,58bfc80068f62018da449f1d,expottimisti,hashtag
58bfca7f68f62018da463f34,58bfc90468f62018da45108a,58bfc80068f62018da449f1d,myexpo,hashtag
58bfca7f68f62018da463f35,58bfc90468f62018da45108a,58bfc80068f62018da449f1d,myexpo,hashtag
58bfca7f68f62018da463f36,58bfc90468f62018da45108a,58bfc80068f62018da449f1d,Maddalena_Mussi,mention
58bfca7f68f62018da463f37,58bfc90468f62018da45108a,58bfc80068f62018da449f1d,RussiaExpo2015,mention
58bfca7f68f62018da463f38,58bfc90468f62018da45108a,58bfc80068f62018da449f1e,RussianPavilion,hashtag
58bfca7f68f62018da463f39,58bfc90468f62018da45108a,58bfc80068f62018da449f1e,Expo2015Milano,mention
58bfca7f68f62018da463f3a,58bfc90468f62018da45108a,58bfc80068f62018da449f1f,russiaexpo2015,hashtag
58bfca7f68f62018da463f3b,58bfc90468f62018da45108a,58bfc80068f62018da449f1f,Repost,hashtag
58bfca7f68f62018da463f3c,58bfc90468f62018da45108a,58bfc80068f62018da449f1f,mokogoes,mention
58bfca7f68f62018da463f3d,58bfc90468f62018da45108a,58bfc80068f62018da449f1f,mokogoes,mention
58bfca7f68f62018da463f3e,58bfc90468f62018da45108a,58bfc80068f62018da449f20,mascot,hashtag
58bfca7f68f62018da463f3f,58bfc90468f62018da45108a,58bfc80068f62018da449f20,RussianPavilion,hashtag
58bfca7f68f62018da463f40,58bfc90468f62018da45108a,58bfc80068f62018da449f20,Mishka,hashtag
58bfca7f68f62018da463f41,58bfc90468f62018da45108a,58bfc80068f62018da449f21,mascot,hashtag
58bfca7f68f62018da463f42,58bfc90468f62018da45108a,58bfc80068f62018da449f21,russiaexpo2015,hashtag
58bfca7f68f62018da463f43,58bfc90468f62018da45108a,58bfc80068f62018da449f22,weekend,hashtag
58bfca7f68f62018da463f44,58bfc90468f62018da45108a,58bfc80068f62018da449f22,expo2015,hashtag
58bfca7f68f62018da463f45,58bfc90468f62018da45108a,58bfc80068f62018da449f22,Expo2015Milano,mention
58bfca7f68f62018da463f46,58bfc90468f62018da45108a,58bfc80068f62018da449f23,russiaexpo2015,hashtag
58bfca7f68f62018da463f47,58bfc90468f62018da45108a,58bfc80068f62018da449f24,Expo2015Milano,mention
58bfca7f68f62018da463f48,58bfc90468f62018da45108a,58bfc80068f62018da449f24,RussiaExpo2015,mention
58bfca7f68f62018da463f49,58bfc90468f62018da45108a,58bfc80068f62018da449f25,Expo2015Milano,mention
58bfca7f68f62018da463f4a,58bfc90468f62018da45108a,58bfc80068f62018da449f25,RussiaExpo2015,mention
58bfca7f68f62018da463f4b,58bfc90468f62018da45108a,58bfc80068f62018da449f26,Expo2015Milano,mention
58bfca7f68f62018da463f4c,58bfc90468f62018da45108a,58bfc80068f62018da449f26,RussiaExpo2015,mention
58bfca7f68f62018da463f4d,58bfc90468f62018da45108a,58bfc80068f62018da449f27,RussianPavilion,hashtag
58bfca7f68f62018da463f4e,58bfc90468f62018da45108a,58bfc80068f62018da449f27,russiaexpo2015,hashtag
58bfca7f68f62018da463f4f,58bfc90468f62018da45108a,58bfc80068f62018da449f27,expo2015,hashtag
58bfca7f68f62018da463f50,58bfc90468f62018da45108a,58bfc80068f62018da449f27,Expo2015Milano,mention
58bfca7f68f62018da463f51,58bfc90468f62018da45108a,58bfc80068f62018da449f28,8daystogo,hashtag
58bfca7f68f62018da463f52,58bfc90468f62018da45108a,58bfc80068f62018da449f28,RussianPavilion,hashtag
58bfca7f68f62018da463f53,58bfc90468f62018da45108a,58bfc80068f62018da449f28,russiaexpo2015,hashtag
58bfca7f68f62018da463f54,58bfc90468f62018da45108a,58bfc80068f62018da449f28,Expo2015Milano,mention
58bfca7f68f62018da463f55,58bfc90468f62018da45108a,58bfc80068f62018da449f29,Goodmorning,hashtag
58bfca7f68f62018da463f56,58bfc90468f62018da45108a,58bfc80068f62018da449f29,8daystogo,hashtag
58bfca7f68f62018da463f57,58bfc90468f62018da45108a,58bfc80068f62018da449f29,expo2015,hashtag
58bfca7f68f62018da463f58,58bfc90468f62018da45108a,58bfc80068f62018da449f29,Expo2015Milano,mention
58bfca7f68f62018da463f59,58bfc90468f62018da45108a,58bfc80068f62018da449f2a,PadiglioneRussia,hashtag
58bfca7f68f62018da463f5a,58bfc90468f62018da45108a,58bfc80068f62018da449f2a,EmilioFede,hashtag
58bfca7f68f62018da463f5b,58bfc90468f62018da45108a,58bfc80068f62018da449f2a,RussiaExpo2015,hashtag
58bfca7f68f62018da463f5c,58bfc90468f62018da45108a,58bfc80068f62018da449f2b,NationalDay,hashtag
58bfca7f68f62018da463f5d,58bfc90468f62018da45108a,58bfc80068f62018da449f2b,Shrilanka,hashtag
58bfca7f68f62018da463f5e,58bfc90468f62018da45108a,58bfc80068f62018da449f2b,Expo2015Milano,mention
58bfca7f68f62018da463f5f,58bfc90468f62018da45108a,58bfc80068f62018da449f2c,Expo2015Milano,mention
58bfca7f68f62018da463f60,58bfc90468f62018da45108a,58bfc80068f62018da449f2c,RussiaExpo2015,mention
58bfca7f68f62018da463f61,58bfc90468f62018da45108a,58bfc80068f62018da449f2d,explay,hashtag
58bfca7f68f62018da463f62,58bfc90468f62018da45108a,58bfc80068f62018da449f2d,lsp,hashtag
58bfca7f68f62018da463f63,58bfc90468f62018da45108a,58bfc80068f62018da449f2d,right2earth,hashtag
58bfca7f68f62018da463f64,58bfc90468f62018da45108a,58bfc80068f62018da449f2d,ExpoAngola2015,mention
58bfca7f68f62018da463f65,58bfc90468f62018da45108a,58bfc80068f62018da449f2d,EstoniaExpo2015,mention
58bfca7f68f62018da463f66,58bfc90468f62018da45108a,58bfc80068f62018da449f2d,UniversalExpo15,mention
58bfca7f68f62018da463f67,58bfc90468f62018da45108a,58bfc80068f62018da449f2d,BioParkExpo2015,mention
58bfca7f68f62018da463f68,58bfc90468f62018da45108a,58bfc80068f62018da449f2d,Expo2015Milano,mention
